/Users/aborse/Documents/Workarea/tallife/MVP/PDF documents/jsonsfromhtmls/Accelerated Protection PDS/Accelerated Protection PDS_1 About Accelerated Protection.html,90f8ea858ff590ee48d2981adb3895ee_1
/Users/aborse/Documents/Workarea/tallife/MVP/PDF documents/jsonsfromhtmls/Accelerated Protection PDS/Accelerated Protection PDS_1.1 Introducing Accelerated Protection.html,90f8ea858ff590ee48d2981adb3895ee_2
/Users/aborse/Documents/Workarea/tallife/MVP/PDF documents/jsonsfromhtmls/Accelerated Protection PDS/Accelerated Protection PDS_1.3 About this PDS.html,90f8ea858ff590ee48d2981adb3895ee_3
/Users/aborse/Documents/Workarea/tallife/MVP/PDF documents/jsonsfromhtmls/Accelerated Protection PDS/Accelerated Protection PDS_1.4 Structuring Insurance Outside of Superannuation.html,90f8ea858ff590ee48d2981adb3895ee_4
/Users/aborse/Documents/Workarea/tallife/MVP/PDF documents/jsonsfromhtmls/Accelerated Protection PDS/Accelerated Protection PDS_1.5 Structuring Insurance Through Superannuation.html,90f8ea858ff590ee48d2981adb3895ee_5
/Users/aborse/Documents/Workarea/tallife/MVP/PDF documents/jsonsfromhtmls/Accelerated Protection PDS/Accelerated Protection PDS_2 Accelerated Protection Benefits.html,90f8ea858ff590ee48d2981adb3895ee_6
/Users/aborse/Documents/Workarea/tallife/MVP/PDF documents/jsonsfromhtmls/Accelerated Protection PDS/Accelerated Protection PDS_2.1 Accelerated Protection Lifeï¿½Insurance.html,90f8ea858ff590ee48d2981adb3895ee_7
/Users/aborse/Documents/Workarea/tallife/MVP/PDF documents/jsonsfromhtmls/Accelerated Protection PDS/Accelerated Protection PDS_2.1.1 Included Benefits.html,90f8ea858ff590ee48d2981adb3895ee_8
/Users/aborse/Documents/Workarea/tallife/MVP/PDF documents/jsonsfromhtmls/Accelerated Protection PDS/Accelerated Protection PDS_2.1.2 Optional Benefits.html,90f8ea858ff590ee48d2981adb3895ee_9
/Users/aborse/Documents/Workarea/tallife/MVP/PDF documents/jsonsfromhtmls/Accelerated Protection PDS/Accelerated Protection PDS_2.2 Accelerated Protection Critical Illness insurance.html,90f8ea858ff590ee48d2981adb3895ee_10
/Users/aborse/Documents/Workarea/tallife/MVP/PDF documents/jsonsfromhtmls/Accelerated Protection PDS/Accelerated Protection PDS_2.2.1 Included Benefits.html,90f8ea858ff590ee48d2981adb3895ee_11
/Users/aborse/Documents/Workarea/tallife/MVP/PDF documents/jsonsfromhtmls/Accelerated Protection PDS/Accelerated Protection PDS_2.2.2 Optional Benefits.html,90f8ea858ff590ee48d2981adb3895ee_12
/Users/aborse/Documents/Workarea/tallife/MVP/PDF documents/jsonsfromhtmls/Accelerated Protection PDS/Accelerated Protection PDS_2.3 Accelerated Protection TPD Insurance.html,90f8ea858ff590ee48d2981adb3895ee_13
/Users/aborse/Documents/Workarea/tallife/MVP/PDF documents/jsonsfromhtmls/Accelerated Protection PDS/Accelerated Protection PDS_2.3.1 Included Benefits.html,90f8ea858ff590ee48d2981adb3895ee_14
/Users/aborse/Documents/Workarea/tallife/MVP/PDF documents/jsonsfromhtmls/Accelerated Protection PDS/Accelerated Protection PDS_2.3.2 Optional Benefits.html,90f8ea858ff590ee48d2981adb3895ee_15
/Users/aborse/Documents/Workarea/tallife/MVP/PDF documents/jsonsfromhtmls/Accelerated Protection PDS/Accelerated Protection PDS_2.4 Accelerated Protection Income Protection Super Standard and Premier.html,90f8ea858ff590ee48d2981adb3895ee_16
/Users/aborse/Documents/Workarea/tallife/MVP/PDF documents/jsonsfromhtmls/Accelerated Protection PDS/Accelerated Protection PDS_2.4.1 Included Benefits.html,90f8ea858ff590ee48d2981adb3895ee_17
/Users/aborse/Documents/Workarea/tallife/MVP/PDF documents/jsonsfromhtmls/Accelerated Protection PDS/Accelerated Protection PDS_2.4.2 Optional Benefits.html,90f8ea858ff590ee48d2981adb3895ee_18
/Users/aborse/Documents/Workarea/tallife/MVP/PDF documents/jsonsfromhtmls/Accelerated Protection PDS/Accelerated Protection PDS_2.5 Accelerated Protection Income Protection Optimal.html,90f8ea858ff590ee48d2981adb3895ee_19
/Users/aborse/Documents/Workarea/tallife/MVP/PDF documents/jsonsfromhtmls/Accelerated Protection PDS/Accelerated Protection PDS_2.5.1 Included Benefits.html,90f8ea858ff590ee48d2981adb3895ee_20
/Users/aborse/Documents/Workarea/tallife/MVP/PDF documents/jsonsfromhtmls/Accelerated Protection PDS/Accelerated Protection PDS_2.6 Accelerated Protection Business Expense insurance.html,90f8ea858ff590ee48d2981adb3895ee_21
/Users/aborse/Documents/Workarea/tallife/MVP/PDF documents/jsonsfromhtmls/Accelerated Protection PDS/Accelerated Protection PDS_2.6.1 Included Benefits.html,90f8ea858ff590ee48d2981adb3895ee_22
/Users/aborse/Documents/Workarea/tallife/MVP/PDF documents/jsonsfromhtmls/Accelerated Protection PDS/Accelerated Protection PDS_2.6.2 Optional Benefits.html,90f8ea858ff590ee48d2981adb3895ee_23
/Users/aborse/Documents/Workarea/tallife/MVP/PDF documents/jsonsfromhtmls/Accelerated Protection PDS/Accelerated Protection PDS_3 Limitations and Exclusions.html,90f8ea858ff590ee48d2981adb3895ee_24
/Users/aborse/Documents/Workarea/tallife/MVP/PDF documents/jsonsfromhtmls/Accelerated Protection PDS/Accelerated Protection PDS_3.1 Life insurance.html,90f8ea858ff590ee48d2981adb3895ee_25
/Users/aborse/Documents/Workarea/tallife/MVP/PDF documents/jsonsfromhtmls/Accelerated Protection PDS/Accelerated Protection PDS_3.2 Critical Illness insurance.html,90f8ea858ff590ee48d2981adb3895ee_26
/Users/aborse/Documents/Workarea/tallife/MVP/PDF documents/jsonsfromhtmls/Accelerated Protection PDS/Accelerated Protection PDS_3.3 TPD insurance.html,90f8ea858ff590ee48d2981adb3895ee_27
/Users/aborse/Documents/Workarea/tallife/MVP/PDF documents/jsonsfromhtmls/Accelerated Protection PDS/Accelerated Protection PDS_3.4 Income Protection Super Standard and Premier.html,90f8ea858ff590ee48d2981adb3895ee_28
/Users/aborse/Documents/Workarea/tallife/MVP/PDF documents/jsonsfromhtmls/Accelerated Protection PDS/Accelerated Protection PDS_3.5 Income Protection Optimal.html,90f8ea858ff590ee48d2981adb3895ee_29
/Users/aborse/Documents/Workarea/tallife/MVP/PDF documents/jsonsfromhtmls/Accelerated Protection PDS/Accelerated Protection PDS_3.6 Business Expense insurance.html,90f8ea858ff590ee48d2981adb3895ee_30
/Users/aborse/Documents/Workarea/tallife/MVP/PDF documents/jsonsfromhtmls/Accelerated Protection PDS/Accelerated Protection PDS_4 What are the costs.html,90f8ea858ff590ee48d2981adb3895ee_31
/Users/aborse/Documents/Workarea/tallife/MVP/PDF documents/jsonsfromhtmls/Accelerated Protection PDS/Accelerated Protection PDS_5 Important information about your cover.html,90f8ea858ff590ee48d2981adb3895ee_32
/Users/aborse/Documents/Workarea/tallife/MVP/PDF documents/jsonsfromhtmls/Accelerated Protection PDS/Accelerated Protection PDS_6 Structuring your Policy through Superannuation.html,90f8ea858ff590ee48d2981adb3895ee_33
/Users/aborse/Documents/Workarea/tallife/MVP/PDF documents/jsonsfromhtmls/Accelerated Protection PDS/Accelerated Protection PDS_7 Structuring your Policy through TAL Super.html,90f8ea858ff590ee48d2981adb3895ee_34
/Users/aborse/Documents/Workarea/tallife/MVP/PDF documents/jsonsfromhtmls/Accelerated Protection PDS/Accelerated Protection PDS_8 Definitions.html,90f8ea858ff590ee48d2981adb3895ee_35
/Users/aborse/Documents/Workarea/tallife/MVP/PDF documents/jsonsfromhtmls/Accelerated Protection PDS/Accelerated Protection PDS_8.1 General Definitions.html,90f8ea858ff590ee48d2981adb3895ee_36
/Users/aborse/Documents/Workarea/tallife/MVP/PDF documents/jsonsfromhtmls/Accelerated Protection PDS/Accelerated Protection PDS_8.2 Superannuation Definitions.html,90f8ea858ff590ee48d2981adb3895ee_37
/Users/aborse/Documents/Workarea/tallife/MVP/PDF documents/jsonsfromhtmls/Accelerated Protection PDS/Accelerated Protection PDS_9 Interim Cover.html,90f8ea858ff590ee48d2981adb3895ee_38
/Users/aborse/Documents/Workarea/tallife/MVP/PDF documents/jsonsfromhtmls/Accelerated Protection PDS/Accelerated Protection PDS_10 Direct debit arrangements.html,90f8ea858ff590ee48d2981adb3895ee_39
/Users/aborse/Documents/Workarea/tallife/MVP/PDF documents/jsonsfromhtmls/Accelerated Protection PDS/Accelerated Protection PDS_1869.html,90f8ea858ff590ee48d2981adb3895ee_40
/Users/aborse/Documents/Workarea/tallife/MVP/PDF documents/jsonsfromhtmls/Accelerated Protection PDS/Accelerated Protection PDS_1990.html,90f8ea858ff590ee48d2981adb3895ee_41
/Users/aborse/Documents/Workarea/tallife/MVP/PDF documents/jsonsfromhtmls/Accelerated Protection PDS/Accelerated Protection PDS_1993.html,90f8ea858ff590ee48d2981adb3895ee_42
/Users/aborse/Documents/Workarea/tallife/MVP/PDF documents/jsonsfromhtmls/Accelerated Protection PDS/Accelerated Protection PDS_1999.html,90f8ea858ff590ee48d2981adb3895ee_43
/Users/aborse/Documents/Workarea/tallife/MVP/PDF documents/jsonsfromhtmls/Accelerated Protection PDS/Accelerated Protection PDS_2006.html,90f8ea858ff590ee48d2981adb3895ee_44
/Users/aborse/Documents/Workarea/tallife/MVP/PDF documents/jsonsfromhtmls/Accelerated Protection PDS/Accelerated Protection PDS_2008.html,90f8ea858ff590ee48d2981adb3895ee_45
/Users/aborse/Documents/Workarea/tallife/MVP/PDF documents/jsonsfromhtmls/Accelerated Protection PDS/Accelerated Protection PDS_2011.html,90f8ea858ff590ee48d2981adb3895ee_46
/Users/aborse/Documents/Workarea/tallife/MVP/PDF documents/jsonsfromhtmls/Accelerated Protection PDS/Accelerated Protection PDS_2014.html,90f8ea858ff590ee48d2981adb3895ee_47
/Users/aborse/Documents/Workarea/tallife/MVP/PDF documents/jsonsfromhtmls/Accelerated Protection PDS/Accelerated Protection PDS_2015.html,90f8ea858ff590ee48d2981adb3895ee_48
/Users/aborse/Documents/Workarea/tallife/MVP/PDF documents/jsonsfromhtmls/Accelerated Protection PDS/Accelerated Protection PDS_2016.html,90f8ea858ff590ee48d2981adb3895ee_49
/Users/aborse/Documents/Workarea/tallife/MVP/PDF documents/jsonsfromhtmls/Accelerated Protection PDS/Accelerated Protection PDS_Accelerated Protection Overview.html,90f8ea858ff590ee48d2981adb3895ee_50
/Users/aborse/Documents/Workarea/tallife/MVP/PDF documents/jsonsfromhtmls/Accelerated Protection PDS/Accelerated Protection PDS_Accelerated Protection.html,90f8ea858ff590ee48d2981adb3895ee_51
/Users/aborse/Documents/Workarea/tallife/MVP/PDF documents/jsonsfromhtmls/Accelerated Protection PDS/Accelerated Protection PDS_Additional increases to Benefit Amounts.html,90f8ea858ff590ee48d2981adb3895ee_52
/Users/aborse/Documents/Workarea/tallife/MVP/PDF documents/jsonsfromhtmls/Accelerated Protection PDS/Accelerated Protection PDS_Benefit Amount Payable.html,90f8ea858ff590ee48d2981adb3895ee_53
/Users/aborse/Documents/Workarea/tallife/MVP/PDF documents/jsonsfromhtmls/Accelerated Protection PDS/Accelerated Protection PDS_Binding Nominations.html,90f8ea858ff590ee48d2981adb3895ee_54
/Users/aborse/Documents/Workarea/tallife/MVP/PDF documents/jsonsfromhtmls/Accelerated Protection PDS/Accelerated Protection PDS_Business Expense Insurance Plan.html,90f8ea858ff590ee48d2981adb3895ee_55
/Users/aborse/Documents/Workarea/tallife/MVP/PDF documents/jsonsfromhtmls/Accelerated Protection PDS/Accelerated Protection PDS_Can TAL cancel your Policy.html,90f8ea858ff590ee48d2981adb3895ee_56
/Users/aborse/Documents/Workarea/tallife/MVP/PDF documents/jsonsfromhtmls/Accelerated Protection PDS/Accelerated Protection PDS_Cessation of Interim Cover.html,90f8ea858ff590ee48d2981adb3895ee_57
/Users/aborse/Documents/Workarea/tallife/MVP/PDF documents/jsonsfromhtmls/Accelerated Protection PDS/Accelerated Protection PDS_Changes in premium.html,90f8ea858ff590ee48d2981adb3895ee_58
/Users/aborse/Documents/Workarea/tallife/MVP/PDF documents/jsonsfromhtmls/Accelerated Protection PDS/Accelerated Protection PDS_Changes to Your Policy.html,90f8ea858ff590ee48d2981adb3895ee_59
/Users/aborse/Documents/Workarea/tallife/MVP/PDF documents/jsonsfromhtmls/Accelerated Protection PDS/Accelerated Protection PDS_Commencement of Interim Cover.html,90f8ea858ff590ee48d2981adb3895ee_60
/Users/aborse/Documents/Workarea/tallife/MVP/PDF documents/jsonsfromhtmls/Accelerated Protection PDS/Accelerated Protection PDS_Commission.html,90f8ea858ff590ee48d2981adb3895ee_61
/Users/aborse/Documents/Workarea/tallife/MVP/PDF documents/jsonsfromhtmls/Accelerated Protection PDS/Accelerated Protection PDS_Complaints Process.html,90f8ea858ff590ee48d2981adb3895ee_62
/Users/aborse/Documents/Workarea/tallife/MVP/PDF documents/jsonsfromhtmls/Accelerated Protection PDS/Accelerated Protection PDS_Contact Details.html,90f8ea858ff590ee48d2981adb3895ee_63
/Users/aborse/Documents/Workarea/tallife/MVP/PDF documents/jsonsfromhtmls/Accelerated Protection PDS/Accelerated Protection PDS_Contacting us.html,90f8ea858ff590ee48d2981adb3895ee_64
/Users/aborse/Documents/Workarea/tallife/MVP/PDF documents/jsonsfromhtmls/Accelerated Protection PDS/Accelerated Protection PDS_Critical Illness Insurance Plan.html,90f8ea858ff590ee48d2981adb3895ee_65
/Users/aborse/Documents/Workarea/tallife/MVP/PDF documents/jsonsfromhtmls/Accelerated Protection PDS/Accelerated Protection PDS_Direct Debit Request Service Agreement.html,90f8ea858ff590ee48d2981adb3895ee_66
/Users/aborse/Documents/Workarea/tallife/MVP/PDF documents/jsonsfromhtmls/Accelerated Protection PDS/Accelerated Protection PDS_Duty of Disclosure.html,90f8ea858ff590ee48d2981adb3895ee_67
/Users/aborse/Documents/Workarea/tallife/MVP/PDF documents/jsonsfromhtmls/Accelerated Protection PDS/Accelerated Protection PDS_Each benefit availab.html,90f8ea858ff590ee48d2981adb3895ee_68
/Users/aborse/Documents/Workarea/tallife/MVP/PDF documents/jsonsfromhtmls/Accelerated Protection PDS/Accelerated Protection PDS_General information about superannuation.html,90f8ea858ff590ee48d2981adb3895ee_69
/Users/aborse/Documents/Workarea/tallife/MVP/PDF documents/jsonsfromhtmls/Accelerated Protection PDS/Accelerated Protection PDS_Guarantee of upgrade.html,90f8ea858ff590ee48d2981adb3895ee_70
/Users/aborse/Documents/Workarea/tallife/MVP/PDF documents/jsonsfromhtmls/Accelerated Protection PDS/Accelerated Protection PDS_Guaranteed renewal of cover.html,90f8ea858ff590ee48d2981adb3895ee_71
/Users/aborse/Documents/Workarea/tallife/MVP/PDF documents/jsonsfromhtmls/Accelerated Protection PDS/Accelerated Protection PDS_How do I nominate a beneficiary for my Death Benefit.html,90f8ea858ff590ee48d2981adb3895ee_72
/Users/aborse/Documents/Workarea/tallife/MVP/PDF documents/jsonsfromhtmls/Accelerated Protection PDS/Accelerated Protection PDS_HOW TAL COMPARES.html,90f8ea858ff590ee48d2981adb3895ee_73
/Users/aborse/Documents/Workarea/tallife/MVP/PDF documents/jsonsfromhtmls/Accelerated Protection PDS/Accelerated Protection PDS_How to make changes.html,90f8ea858ff590ee48d2981adb3895ee_74
/Users/aborse/Documents/Workarea/tallife/MVP/PDF documents/jsonsfromhtmls/Accelerated Protection PDS/Accelerated Protection PDS_Important information about your cover.html,90f8ea858ff590ee48d2981adb3895ee_75
/Users/aborse/Documents/Workarea/tallife/MVP/PDF documents/jsonsfromhtmls/Accelerated Protection PDS/Accelerated Protection PDS_Important information.html,90f8ea858ff590ee48d2981adb3895ee_76
/Users/aborse/Documents/Workarea/tallife/MVP/PDF documents/jsonsfromhtmls/Accelerated Protection PDS/Accelerated Protection PDS_Income Protection Plan.html,90f8ea858ff590ee48d2981adb3895ee_77
/Users/aborse/Documents/Workarea/tallife/MVP/PDF documents/jsonsfromhtmls/Accelerated Protection PDS/Accelerated Protection PDS_Insurance cover under the Fund.html,90f8ea858ff590ee48d2981adb3895ee_78
/Users/aborse/Documents/Workarea/tallife/MVP/PDF documents/jsonsfromhtmls/Accelerated Protection PDS/Accelerated Protection PDS_INSURANCE OUTSIDE SUPERANNUATION Structuring your policy.html,90f8ea858ff590ee48d2981adb3895ee_79
/Users/aborse/Documents/Workarea/tallife/MVP/PDF documents/jsonsfromhtmls/Accelerated Protection PDS/Accelerated Protection PDS_INSURANCE THROUGH SUPERANNUATION Structuring your policy.html,90f8ea858ff590ee48d2981adb3895ee_80
/Users/aborse/Documents/Workarea/tallife/MVP/PDF documents/jsonsfromhtmls/Accelerated Protection PDS/Accelerated Protection PDS_Interim Cover Benefit.html,90f8ea858ff590ee48d2981adb3895ee_81
/Users/aborse/Documents/Workarea/tallife/MVP/PDF documents/jsonsfromhtmls/Accelerated Protection PDS/Accelerated Protection PDS_Interim Cover.html,90f8ea858ff590ee48d2981adb3895ee_82
/Users/aborse/Documents/Workarea/tallife/MVP/PDF documents/jsonsfromhtmls/Accelerated Protection PDS/Accelerated Protection PDS_Joining the Fund.html,90f8ea858ff590ee48d2981adb3895ee_83
/Users/aborse/Documents/Workarea/tallife/MVP/PDF documents/jsonsfromhtmls/Accelerated Protection PDS/Accelerated Protection PDS_Level premiums.html,90f8ea858ff590ee48d2981adb3895ee_84
/Users/aborse/Documents/Workarea/tallife/MVP/PDF documents/jsonsfromhtmls/Accelerated Protection PDS/Accelerated Protection PDS_Life Insurance Plan.html,90f8ea858ff590ee48d2981adb3895ee_85
/Users/aborse/Documents/Workarea/tallife/MVP/PDF documents/jsonsfromhtmls/Accelerated Protection PDS/Accelerated Protection PDS_Linking.html,90f8ea858ff590ee48d2981adb3895ee_86
/Users/aborse/Documents/Workarea/tallife/MVP/PDF documents/jsonsfromhtmls/Accelerated Protection PDS/Accelerated Protection PDS_Making a claim.html,90f8ea858ff590ee48d2981adb3895ee_87
/Users/aborse/Documents/Workarea/tallife/MVP/PDF documents/jsonsfromhtmls/Accelerated Protection PDS/Accelerated Protection PDS_No cash value.html,90f8ea858ff590ee48d2981adb3895ee_88
/Users/aborse/Documents/Workarea/tallife/MVP/PDF documents/jsonsfromhtmls/Accelerated Protection PDS/Accelerated Protection PDS_Nominating a beneficiary.html,90f8ea858ff590ee48d2981adb3895ee_89
/Users/aborse/Documents/Workarea/tallife/MVP/PDF documents/jsonsfromhtmls/Accelerated Protection PDS/Accelerated Protection PDS_Non-payment or late payment of premiums.html,90f8ea858ff590ee48d2981adb3895ee_90
/Users/aborse/Documents/Workarea/tallife/MVP/PDF documents/jsonsfromhtmls/Accelerated Protection PDS/Accelerated Protection PDS_Our Commitment To You.html,90f8ea858ff590ee48d2981adb3895ee_91
/Users/aborse/Documents/Workarea/tallife/MVP/PDF documents/jsonsfromhtmls/Accelerated Protection PDS/Accelerated Protection PDS_Over 2.6 billion in in-force premiums..html,90f8ea858ff590ee48d2981adb3895ee_92
/Users/aborse/Documents/Workarea/tallife/MVP/PDF documents/jsonsfromhtmls/Accelerated Protection PDS/Accelerated Protection PDS_Paying claims is why were here.html,90f8ea858ff590ee48d2981adb3895ee_93
/Users/aborse/Documents/Workarea/tallife/MVP/PDF documents/jsonsfromhtmls/Accelerated Protection PDS/Accelerated Protection PDS_Payment frequency and method.html,90f8ea858ff590ee48d2981adb3895ee_94
/Users/aborse/Documents/Workarea/tallife/MVP/PDF documents/jsonsfromhtmls/Accelerated Protection PDS/Accelerated Protection PDS_Policy Fee.html,90f8ea858ff590ee48d2981adb3895ee_95
/Users/aborse/Documents/Workarea/tallife/MVP/PDF documents/jsonsfromhtmls/Accelerated Protection PDS/Accelerated Protection PDS_Premium payable.html,90f8ea858ff590ee48d2981adb3895ee_96
/Users/aborse/Documents/Workarea/tallife/MVP/PDF documents/jsonsfromhtmls/Accelerated Protection PDS/Accelerated Protection PDS_Product Disclosure Statement | 1 April 2017.html,90f8ea858ff590ee48d2981adb3895ee_97
/Users/aborse/Documents/Workarea/tallife/MVP/PDF documents/jsonsfromhtmls/Accelerated Protection PDS/Accelerated Protection PDS_Providing your Tax File Number TFN.html,90f8ea858ff590ee48d2981adb3895ee_98
/Users/aborse/Documents/Workarea/tallife/MVP/PDF documents/jsonsfromhtmls/Accelerated Protection PDS/Accelerated Protection PDS_Statutory Fund.html,90f8ea858ff590ee48d2981adb3895ee_99
/Users/aborse/Documents/Workarea/tallife/MVP/PDF documents/jsonsfromhtmls/Accelerated Protection PDS/Accelerated Protection PDS_Stepped premiums.html,90f8ea858ff590ee48d2981adb3895ee_100
/Users/aborse/Documents/Workarea/tallife/MVP/PDF documents/jsonsfromhtmls/Accelerated Protection PDS/Accelerated Protection PDS_Structuring your Policy through Superannuation.html,90f8ea858ff590ee48d2981adb3895ee_101
/Users/aborse/Documents/Workarea/tallife/MVP/PDF documents/jsonsfromhtmls/Accelerated Protection PDS/Accelerated Protection PDS_Structuring your Policy through TAL Super.html,90f8ea858ff590ee48d2981adb3895ee_102
/Users/aborse/Documents/Workarea/tallife/MVP/PDF documents/jsonsfromhtmls/Accelerated Protection PDS/Accelerated Protection PDS_Superlinking.html,90f8ea858ff590ee48d2981adb3895ee_103
/Users/aborse/Documents/Workarea/tallife/MVP/PDF documents/jsonsfromhtmls/Accelerated Protection PDS/Accelerated Protection PDS_Tax Information.html,90f8ea858ff590ee48d2981adb3895ee_104
/Users/aborse/Documents/Workarea/tallife/MVP/PDF documents/jsonsfromhtmls/Accelerated Protection PDS/Accelerated Protection PDS_Taxation.html,90f8ea858ff590ee48d2981adb3895ee_105
/Users/aborse/Documents/Workarea/tallife/MVP/PDF documents/jsonsfromhtmls/Accelerated Protection PDS/Accelerated Protection PDS_The cost of your Pol.html,90f8ea858ff590ee48d2981adb3895ee_106
/Users/aborse/Documents/Workarea/tallife/MVP/PDF documents/jsonsfromhtmls/Accelerated Protection PDS/Accelerated Protection PDS_This is what you need to know.html,90f8ea858ff590ee48d2981adb3895ee_107
/Users/aborse/Documents/Workarea/tallife/MVP/PDF documents/jsonsfromhtmls/Accelerated Protection PDS/Accelerated Protection PDS_TPD Insurance Plan.html,90f8ea858ff590ee48d2981adb3895ee_108
/Users/aborse/Documents/Workarea/tallife/MVP/PDF documents/jsonsfromhtmls/Accelerated Protection PDS/Accelerated Protection PDS_Trust Deed.html,90f8ea858ff590ee48d2981adb3895ee_109
/Users/aborse/Documents/Workarea/tallife/MVP/PDF documents/jsonsfromhtmls/Accelerated Protection PDS/Accelerated Protection PDS_What is an interdependency relationship.html,90f8ea858ff590ee48d2981adb3895ee_110
/Users/aborse/Documents/Workarea/tallife/MVP/PDF documents/jsonsfromhtmls/Accelerated Protection PDS/Accelerated Protection PDS_What to expect when you sign up with us.html,90f8ea858ff590ee48d2981adb3895ee_111
/Users/aborse/Documents/Workarea/tallife/MVP/PDF documents/jsonsfromhtmls/Accelerated Protection PDS/Accelerated Protection PDS_When we will not pay Interim Cover.html,90f8ea858ff590ee48d2981adb3895ee_112
/Users/aborse/Documents/Workarea/tallife/MVP/PDF documents/jsonsfromhtmls/Accelerated Protection PDS/Accelerated Protection PDS_You can change your mind.html,90f8ea858ff590ee48d2981adb3895ee_113
/Users/aborse/Documents/Workarea/tallife/MVP/PDF documents/jsonsfromhtmls/Accelerated Protection PDS/Accelerated Protection PDS_Your Commitment To Us.html,90f8ea858ff590ee48d2981adb3895ee_114
/Users/aborse/Documents/Workarea/tallife/MVP/PDF documents/jsonsfromhtmls/Accelerated Protection PDS/Accelerated Protection PDS_Your cover - when it starts and ends and some important things for you to do.html,90f8ea858ff590ee48d2981adb3895ee_115
/Users/aborse/Documents/Workarea/tallife/MVP/PDF documents/jsonsfromhtmls/Accelerated Protection PDS/Accelerated Protection PDS_Your Privacy.html,90f8ea858ff590ee48d2981adb3895ee_116
/Users/aborse/Documents/Workarea/tallife/MVP/PDF documents/jsonsfromhtmls/Accelerated Protection Policy Document/Accelerated Protection Policy Document_2.1 Included Benefits.html,b2e0472cbb9ba9425b633e87f7d5f248_1
/Users/aborse/Documents/Workarea/tallife/MVP/PDF documents/jsonsfromhtmls/Accelerated Protection Policy Document/Accelerated Protection Policy Document_2.2 Optional Benefits.html,b2e0472cbb9ba9425b633e87f7d5f248_2
/Users/aborse/Documents/Workarea/tallife/MVP/PDF documents/jsonsfromhtmls/Accelerated Protection Policy Document/Accelerated Protection Policy Document_3.1 Included Benefits.html,b2e0472cbb9ba9425b633e87f7d5f248_3
/Users/aborse/Documents/Workarea/tallife/MVP/PDF documents/jsonsfromhtmls/Accelerated Protection Policy Document/Accelerated Protection Policy Document_4.1 Included Benefits.html,b2e0472cbb9ba9425b633e87f7d5f248_4
/Users/aborse/Documents/Workarea/tallife/MVP/PDF documents/jsonsfromhtmls/Accelerated Protection Policy Document/Accelerated Protection Policy Document_4.2 Premier Benefits.html,b2e0472cbb9ba9425b633e87f7d5f248_5
/Users/aborse/Documents/Workarea/tallife/MVP/PDF documents/jsonsfromhtmls/Accelerated Protection Policy Document/Accelerated Protection Policy Document_4.3 Optional Benefits.html,b2e0472cbb9ba9425b633e87f7d5f248_6
/Users/aborse/Documents/Workarea/tallife/MVP/PDF documents/jsonsfromhtmls/Accelerated Protection Policy Document/Accelerated Protection Policy Document_5.1 Included Benefits.html,b2e0472cbb9ba9425b633e87f7d5f248_7
/Users/aborse/Documents/Workarea/tallife/MVP/PDF documents/jsonsfromhtmls/Accelerated Protection Policy Document/Accelerated Protection Policy Document_5.2 Optional Benefits.html,b2e0472cbb9ba9425b633e87f7d5f248_8
/Users/aborse/Documents/Workarea/tallife/MVP/PDF documents/jsonsfromhtmls/Accelerated Protection Policy Document/Accelerated Protection Policy Document_6.1 Included Benefits.html,b2e0472cbb9ba9425b633e87f7d5f248_9
/Users/aborse/Documents/Workarea/tallife/MVP/PDF documents/jsonsfromhtmls/Accelerated Protection Policy Document/Accelerated Protection Policy Document_6.2 Premier Benefits.html,b2e0472cbb9ba9425b633e87f7d5f248_10
/Users/aborse/Documents/Workarea/tallife/MVP/PDF documents/jsonsfromhtmls/Accelerated Protection Policy Document/Accelerated Protection Policy Document_6.3 Optional Benefits.html,b2e0472cbb9ba9425b633e87f7d5f248_11
/Users/aborse/Documents/Workarea/tallife/MVP/PDF documents/jsonsfromhtmls/Accelerated Protection Policy Document/Accelerated Protection Policy Document_7.1 Included Benefits.html,b2e0472cbb9ba9425b633e87f7d5f248_12
/Users/aborse/Documents/Workarea/tallife/MVP/PDF documents/jsonsfromhtmls/Accelerated Protection Policy Document/Accelerated Protection Policy Document_8.1 Included Benefits.html,b2e0472cbb9ba9425b633e87f7d5f248_13
/Users/aborse/Documents/Workarea/tallife/MVP/PDF documents/jsonsfromhtmls/Accelerated Protection Policy Document/Accelerated Protection Policy Document_8.2 Optional Benefits.html,b2e0472cbb9ba9425b633e87f7d5f248_14
/Users/aborse/Documents/Workarea/tallife/MVP/PDF documents/jsonsfromhtmls/Accelerated Protection Policy Document/Accelerated Protection Policy Document_11.1 General Definitions.html,b2e0472cbb9ba9425b633e87f7d5f248_15
/Users/aborse/Documents/Workarea/tallife/MVP/PDF documents/jsonsfromhtmls/Accelerated Protection Policy Document/Accelerated Protection Policy Document_11.2 Superannuation Definitions.html,b2e0472cbb9ba9425b633e87f7d5f248_16
/Users/aborse/Documents/Workarea/tallife/MVP/PDF documents/jsonsfromhtmls/Accelerated Protection Policy Document/Accelerated Protection Policy Document_11.3 Critical Illness Events Definitions.html,b2e0472cbb9ba9425b633e87f7d5f248_17
/Users/aborse/Documents/Workarea/tallife/MVP/PDF documents/jsonsfromhtmls/Accelerated Protection Policy Document/Accelerated Protection Policy Document_30-day cooling off period.html,b2e0472cbb9ba9425b633e87f7d5f248_18
/Users/aborse/Documents/Workarea/tallife/MVP/PDF documents/jsonsfromhtmls/Accelerated Protection Policy Document/Accelerated Protection Policy Document_1869.html,b2e0472cbb9ba9425b633e87f7d5f248_19
/Users/aborse/Documents/Workarea/tallife/MVP/PDF documents/jsonsfromhtmls/Accelerated Protection Policy Document/Accelerated Protection Policy Document_1990.html,b2e0472cbb9ba9425b633e87f7d5f248_20
/Users/aborse/Documents/Workarea/tallife/MVP/PDF documents/jsonsfromhtmls/Accelerated Protection Policy Document/Accelerated Protection Policy Document_1993.html,b2e0472cbb9ba9425b633e87f7d5f248_21
/Users/aborse/Documents/Workarea/tallife/MVP/PDF documents/jsonsfromhtmls/Accelerated Protection Policy Document/Accelerated Protection Policy Document_1999.html,b2e0472cbb9ba9425b633e87f7d5f248_22
/Users/aborse/Documents/Workarea/tallife/MVP/PDF documents/jsonsfromhtmls/Accelerated Protection Policy Document/Accelerated Protection Policy Document_2006.html,b2e0472cbb9ba9425b633e87f7d5f248_23
/Users/aborse/Documents/Workarea/tallife/MVP/PDF documents/jsonsfromhtmls/Accelerated Protection Policy Document/Accelerated Protection Policy Document_2008.html,b2e0472cbb9ba9425b633e87f7d5f248_24
/Users/aborse/Documents/Workarea/tallife/MVP/PDF documents/jsonsfromhtmls/Accelerated Protection Policy Document/Accelerated Protection Policy Document_2011.html,b2e0472cbb9ba9425b633e87f7d5f248_25
/Users/aborse/Documents/Workarea/tallife/MVP/PDF documents/jsonsfromhtmls/Accelerated Protection Policy Document/Accelerated Protection Policy Document_2014.html,b2e0472cbb9ba9425b633e87f7d5f248_26
/Users/aborse/Documents/Workarea/tallife/MVP/PDF documents/jsonsfromhtmls/Accelerated Protection Policy Document/Accelerated Protection Policy Document_2015.html,b2e0472cbb9ba9425b633e87f7d5f248_27
/Users/aborse/Documents/Workarea/tallife/MVP/PDF documents/jsonsfromhtmls/Accelerated Protection Policy Document/Accelerated Protection Policy Document_2016.html,b2e0472cbb9ba9425b633e87f7d5f248_28
/Users/aborse/Documents/Workarea/tallife/MVP/PDF documents/jsonsfromhtmls/Accelerated Protection Policy Document/Accelerated Protection Policy Document_About the Policy.html,b2e0472cbb9ba9425b633e87f7d5f248_29
/Users/aborse/Documents/Workarea/tallife/MVP/PDF documents/jsonsfromhtmls/Accelerated Protection Policy Document/Accelerated Protection Policy Document_Accident Benefit Option_29.html,b2e0472cbb9ba9425b633e87f7d5f248_30
/Users/aborse/Documents/Workarea/tallife/MVP/PDF documents/jsonsfromhtmls/Accelerated Protection Policy Document/Accelerated Protection Policy Document_Accident Benefit Option.html,b2e0472cbb9ba9425b633e87f7d5f248_31
/Users/aborse/Documents/Workarea/tallife/MVP/PDF documents/jsonsfromhtmls/Accelerated Protection Policy Document/Accelerated Protection Policy Document_Accommodation and Transport Benefit.html,b2e0472cbb9ba9425b633e87f7d5f248_32
/Users/aborse/Documents/Workarea/tallife/MVP/PDF documents/jsonsfromhtmls/Accelerated Protection Policy Document/Accelerated Protection Policy Document_Accommodation Benefit.html,b2e0472cbb9ba9425b633e87f7d5f248_33
/Users/aborse/Documents/Workarea/tallife/MVP/PDF documents/jsonsfromhtmls/Accelerated Protection Policy Document/Accelerated Protection Policy Document_Adjustments_32.html,b2e0472cbb9ba9425b633e87f7d5f248_34
/Users/aborse/Documents/Workarea/tallife/MVP/PDF documents/jsonsfromhtmls/Accelerated Protection Policy Document/Accelerated Protection Policy Document_Adjustments_34.html,b2e0472cbb9ba9425b633e87f7d5f248_35
/Users/aborse/Documents/Workarea/tallife/MVP/PDF documents/jsonsfromhtmls/Accelerated Protection Policy Document/Accelerated Protection Policy Document_Adjustments_36.html,b2e0472cbb9ba9425b633e87f7d5f248_36
/Users/aborse/Documents/Workarea/tallife/MVP/PDF documents/jsonsfromhtmls/Accelerated Protection Policy Document/Accelerated Protection Policy Document_Adjustments_38.html,b2e0472cbb9ba9425b633e87f7d5f248_37
/Users/aborse/Documents/Workarea/tallife/MVP/PDF documents/jsonsfromhtmls/Accelerated Protection Policy Document/Accelerated Protection Policy Document_Adjustments_40.html,b2e0472cbb9ba9425b633e87f7d5f248_38
/Users/aborse/Documents/Workarea/tallife/MVP/PDF documents/jsonsfromhtmls/Accelerated Protection Policy Document/Accelerated Protection Policy Document_Adjustments.html,b2e0472cbb9ba9425b633e87f7d5f248_39
/Users/aborse/Documents/Workarea/tallife/MVP/PDF documents/jsonsfromhtmls/Accelerated Protection Policy Document/Accelerated Protection Policy Document_Advanced Payment Benefit_5.html,b2e0472cbb9ba9425b633e87f7d5f248_40
/Users/aborse/Documents/Workarea/tallife/MVP/PDF documents/jsonsfromhtmls/Accelerated Protection Policy Document/Accelerated Protection Policy Document_Advanced Payment Benefit.html,b2e0472cbb9ba9425b633e87f7d5f248_41
/Users/aborse/Documents/Workarea/tallife/MVP/PDF documents/jsonsfromhtmls/Accelerated Protection Policy Document/Accelerated Protection Policy Document_Advancement Benefit.html,b2e0472cbb9ba9425b633e87f7d5f248_42
/Users/aborse/Documents/Workarea/tallife/MVP/PDF documents/jsonsfromhtmls/Accelerated Protection Policy Document/Accelerated Protection Policy Document_Australian currency.html,b2e0472cbb9ba9425b633e87f7d5f248_43
/Users/aborse/Documents/Workarea/tallife/MVP/PDF documents/jsonsfromhtmls/Accelerated Protection Policy Document/Accelerated Protection Policy Document_Bed Confinement Benefit.html,b2e0472cbb9ba9425b633e87f7d5f248_44
/Users/aborse/Documents/Workarea/tallife/MVP/PDF documents/jsonsfromhtmls/Accelerated Protection Policy Document/Accelerated Protection Policy Document_Blood Borne Diseases Benefit_20.html,b2e0472cbb9ba9425b633e87f7d5f248_45
/Users/aborse/Documents/Workarea/tallife/MVP/PDF documents/jsonsfromhtmls/Accelerated Protection Policy Document/Accelerated Protection Policy Document_Blood Borne Diseases Benefit.html,b2e0472cbb9ba9425b633e87f7d5f248_46
/Users/aborse/Documents/Workarea/tallife/MVP/PDF documents/jsonsfromhtmls/Accelerated Protection Policy Document/Accelerated Protection Policy Document_Business Expense Insurance_21.html,b2e0472cbb9ba9425b633e87f7d5f248_47
/Users/aborse/Documents/Workarea/tallife/MVP/PDF documents/jsonsfromhtmls/Accelerated Protection Policy Document/Accelerated Protection Policy Document_Business Expense Insurance.html,b2e0472cbb9ba9425b633e87f7d5f248_48
/Users/aborse/Documents/Workarea/tallife/MVP/PDF documents/jsonsfromhtmls/Accelerated Protection Policy Document/Accelerated Protection Policy Document_Business Insurance Option.html,b2e0472cbb9ba9425b633e87f7d5f248_49
/Users/aborse/Documents/Workarea/tallife/MVP/PDF documents/jsonsfromhtmls/Accelerated Protection Policy Document/Accelerated Protection Policy Document_Cancellations and Refunds.html,b2e0472cbb9ba9425b633e87f7d5f248_50
/Users/aborse/Documents/Workarea/tallife/MVP/PDF documents/jsonsfromhtmls/Accelerated Protection Policy Document/Accelerated Protection Policy Document_Change of Waiting Period Benefit.html,b2e0472cbb9ba9425b633e87f7d5f248_51
/Users/aborse/Documents/Workarea/tallife/MVP/PDF documents/jsonsfromhtmls/Accelerated Protection Policy Document/Accelerated Protection Policy Document_Changes in premium.html,b2e0472cbb9ba9425b633e87f7d5f248_52
/Users/aborse/Documents/Workarea/tallife/MVP/PDF documents/jsonsfromhtmls/Accelerated Protection Policy Document/Accelerated Protection Policy Document_Changes to Your Policy.html,b2e0472cbb9ba9425b633e87f7d5f248_53
/Users/aborse/Documents/Workarea/tallife/MVP/PDF documents/jsonsfromhtmls/Accelerated Protection Policy Document/Accelerated Protection Policy Document_Child Care Benefit.html,b2e0472cbb9ba9425b633e87f7d5f248_54
/Users/aborse/Documents/Workarea/tallife/MVP/PDF documents/jsonsfromhtmls/Accelerated Protection Policy Document/Accelerated Protection Policy Document_Childs Critical Illness Benefit_11.html,b2e0472cbb9ba9425b633e87f7d5f248_55
/Users/aborse/Documents/Workarea/tallife/MVP/PDF documents/jsonsfromhtmls/Accelerated Protection Policy Document/Accelerated Protection Policy Document_Childs Critical Illness Benefit.html,b2e0472cbb9ba9425b633e87f7d5f248_56
/Users/aborse/Documents/Workarea/tallife/MVP/PDF documents/jsonsfromhtmls/Accelerated Protection Policy Document/Accelerated Protection Policy Document_Childs Critical Illness Option.html,b2e0472cbb9ba9425b633e87f7d5f248_57
/Users/aborse/Documents/Workarea/tallife/MVP/PDF documents/jsonsfromhtmls/Accelerated Protection Policy Document/Accelerated Protection Policy Document_Claim requirements.html,b2e0472cbb9ba9425b633e87f7d5f248_58
/Users/aborse/Documents/Workarea/tallife/MVP/PDF documents/jsonsfromhtmls/Accelerated Protection Policy Document/Accelerated Protection Policy Document_Concurrent Disability Benefit.html,b2e0472cbb9ba9425b633e87f7d5f248_59
/Users/aborse/Documents/Workarea/tallife/MVP/PDF documents/jsonsfromhtmls/Accelerated Protection Policy Document/Accelerated Protection Policy Document_Contact details.html,b2e0472cbb9ba9425b633e87f7d5f248_60
/Users/aborse/Documents/Workarea/tallife/MVP/PDF documents/jsonsfromhtmls/Accelerated Protection Policy Document/Accelerated Protection Policy Document_Contents.html,b2e0472cbb9ba9425b633e87f7d5f248_61
/Users/aborse/Documents/Workarea/tallife/MVP/PDF documents/jsonsfromhtmls/Accelerated Protection Policy Document/Accelerated Protection Policy Document_Cover Continuation Benefit.html,b2e0472cbb9ba9425b633e87f7d5f248_62
/Users/aborse/Documents/Workarea/tallife/MVP/PDF documents/jsonsfromhtmls/Accelerated Protection Policy Document/Accelerated Protection Policy Document_Coverage.html,b2e0472cbb9ba9425b633e87f7d5f248_63
/Users/aborse/Documents/Workarea/tallife/MVP/PDF documents/jsonsfromhtmls/Accelerated Protection Policy Document/Accelerated Protection Policy Document_Critical Illness Benefit.html,b2e0472cbb9ba9425b633e87f7d5f248_64
/Users/aborse/Documents/Workarea/tallife/MVP/PDF documents/jsonsfromhtmls/Accelerated Protection Policy Document/Accelerated Protection Policy Document_Critical Illness Insurance_3.html,b2e0472cbb9ba9425b633e87f7d5f248_65
/Users/aborse/Documents/Workarea/tallife/MVP/PDF documents/jsonsfromhtmls/Accelerated Protection Policy Document/Accelerated Protection Policy Document_Critical Illness Insurance.html,b2e0472cbb9ba9425b633e87f7d5f248_66
/Users/aborse/Documents/Workarea/tallife/MVP/PDF documents/jsonsfromhtmls/Accelerated Protection Policy Document/Accelerated Protection Policy Document_Critical Illness Option.html,b2e0472cbb9ba9425b633e87f7d5f248_67
/Users/aborse/Documents/Workarea/tallife/MVP/PDF documents/jsonsfromhtmls/Accelerated Protection Policy Document/Accelerated Protection Policy Document_Critical Illness Reinstatement Option.html,b2e0472cbb9ba9425b633e87f7d5f248_68
/Users/aborse/Documents/Workarea/tallife/MVP/PDF documents/jsonsfromhtmls/Accelerated Protection Policy Document/Accelerated Protection Policy Document_Death Benefit_6.html,b2e0472cbb9ba9425b633e87f7d5f248_69
/Users/aborse/Documents/Workarea/tallife/MVP/PDF documents/jsonsfromhtmls/Accelerated Protection Policy Document/Accelerated Protection Policy Document_Death Benefit_10.html,b2e0472cbb9ba9425b633e87f7d5f248_70
/Users/aborse/Documents/Workarea/tallife/MVP/PDF documents/jsonsfromhtmls/Accelerated Protection Policy Document/Accelerated Protection Policy Document_Death Benefit_18.html,b2e0472cbb9ba9425b633e87f7d5f248_71
/Users/aborse/Documents/Workarea/tallife/MVP/PDF documents/jsonsfromhtmls/Accelerated Protection Policy Document/Accelerated Protection Policy Document_Death Benefit_28.html,b2e0472cbb9ba9425b633e87f7d5f248_72
/Users/aborse/Documents/Workarea/tallife/MVP/PDF documents/jsonsfromhtmls/Accelerated Protection Policy Document/Accelerated Protection Policy Document_Death Benefit.html,b2e0472cbb9ba9425b633e87f7d5f248_73
/Users/aborse/Documents/Workarea/tallife/MVP/PDF documents/jsonsfromhtmls/Accelerated Protection Policy Document/Accelerated Protection Policy Document_Death Buy-Back Benefit.html,b2e0472cbb9ba9425b633e87f7d5f248_74
/Users/aborse/Documents/Workarea/tallife/MVP/PDF documents/jsonsfromhtmls/Accelerated Protection Policy Document/Accelerated Protection Policy Document_Death Buy-Back Option.html,b2e0472cbb9ba9425b633e87f7d5f248_75
/Users/aborse/Documents/Workarea/tallife/MVP/PDF documents/jsonsfromhtmls/Accelerated Protection Policy Document/Accelerated Protection Policy Document_Definitions_41.html,b2e0472cbb9ba9425b633e87f7d5f248_76
/Users/aborse/Documents/Workarea/tallife/MVP/PDF documents/jsonsfromhtmls/Accelerated Protection Policy Document/Accelerated Protection Policy Document_Definitions.html,b2e0472cbb9ba9425b633e87f7d5f248_77
/Users/aborse/Documents/Workarea/tallife/MVP/PDF documents/jsonsfromhtmls/Accelerated Protection Policy Document/Accelerated Protection Policy Document_Disability Plus Option.html,b2e0472cbb9ba9425b633e87f7d5f248_78
/Users/aborse/Documents/Workarea/tallife/MVP/PDF documents/jsonsfromhtmls/Accelerated Protection Policy Document/Accelerated Protection Policy Document_Double Critical Illness Option.html,b2e0472cbb9ba9425b633e87f7d5f248_79
/Users/aborse/Documents/Workarea/tallife/MVP/PDF documents/jsonsfromhtmls/Accelerated Protection Policy Document/Accelerated Protection Policy Document_Double TPD Option.html,b2e0472cbb9ba9425b633e87f7d5f248_80
/Users/aborse/Documents/Workarea/tallife/MVP/PDF documents/jsonsfromhtmls/Accelerated Protection Policy Document/Accelerated Protection Policy Document_Elective Surgery Benefit_26.html,b2e0472cbb9ba9425b633e87f7d5f248_81
/Users/aborse/Documents/Workarea/tallife/MVP/PDF documents/jsonsfromhtmls/Accelerated Protection Policy Document/Accelerated Protection Policy Document_Elective Surgery Benefit.html,b2e0472cbb9ba9425b633e87f7d5f248_82
/Users/aborse/Documents/Workarea/tallife/MVP/PDF documents/jsonsfromhtmls/Accelerated Protection Policy Document/Accelerated Protection Policy Document_Exclusions_31.html,b2e0472cbb9ba9425b633e87f7d5f248_83
/Users/aborse/Documents/Workarea/tallife/MVP/PDF documents/jsonsfromhtmls/Accelerated Protection Policy Document/Accelerated Protection Policy Document_Exclusions_33.html,b2e0472cbb9ba9425b633e87f7d5f248_84
/Users/aborse/Documents/Workarea/tallife/MVP/PDF documents/jsonsfromhtmls/Accelerated Protection Policy Document/Accelerated Protection Policy Document_Exclusions_35.html,b2e0472cbb9ba9425b633e87f7d5f248_85
/Users/aborse/Documents/Workarea/tallife/MVP/PDF documents/jsonsfromhtmls/Accelerated Protection Policy Document/Accelerated Protection Policy Document_Exclusions_37.html,b2e0472cbb9ba9425b633e87f7d5f248_86
/Users/aborse/Documents/Workarea/tallife/MVP/PDF documents/jsonsfromhtmls/Accelerated Protection Policy Document/Accelerated Protection Policy Document_Exclusions_39.html,b2e0472cbb9ba9425b633e87f7d5f248_87
/Users/aborse/Documents/Workarea/tallife/MVP/PDF documents/jsonsfromhtmls/Accelerated Protection Policy Document/Accelerated Protection Policy Document_Exclusions.html,b2e0472cbb9ba9425b633e87f7d5f248_88
/Users/aborse/Documents/Workarea/tallife/MVP/PDF documents/jsonsfromhtmls/Accelerated Protection Policy Document/Accelerated Protection Policy Document_Family Support Benefit.html,b2e0472cbb9ba9425b633e87f7d5f248_89
/Users/aborse/Documents/Workarea/tallife/MVP/PDF documents/jsonsfromhtmls/Accelerated Protection Policy Document/Accelerated Protection Policy Document_Female Critical Illness Benefit.html,b2e0472cbb9ba9425b633e87f7d5f248_90
/Users/aborse/Documents/Workarea/tallife/MVP/PDF documents/jsonsfromhtmls/Accelerated Protection Policy Document/Accelerated Protection Policy Document_Financial Planning Benefit.html,b2e0472cbb9ba9425b633e87f7d5f248_91
/Users/aborse/Documents/Workarea/tallife/MVP/PDF documents/jsonsfromhtmls/Accelerated Protection Policy Document/Accelerated Protection Policy Document_Following advice of a Medical Practitioner.html,b2e0472cbb9ba9425b633e87f7d5f248_92
/Users/aborse/Documents/Workarea/tallife/MVP/PDF documents/jsonsfromhtmls/Accelerated Protection Policy Document/Accelerated Protection Policy Document_Formal Claim Notification.html,b2e0472cbb9ba9425b633e87f7d5f248_93
/Users/aborse/Documents/Workarea/tallife/MVP/PDF documents/jsonsfromhtmls/Accelerated Protection Policy Document/Accelerated Protection Policy Document_General Policy Conditions.html,b2e0472cbb9ba9425b633e87f7d5f248_94
/Users/aborse/Documents/Workarea/tallife/MVP/PDF documents/jsonsfromhtmls/Accelerated Protection Policy Document/Accelerated Protection Policy Document_Grief Counselling Benefit.html,b2e0472cbb9ba9425b633e87f7d5f248_95
/Users/aborse/Documents/Workarea/tallife/MVP/PDF documents/jsonsfromhtmls/Accelerated Protection Policy Document/Accelerated Protection Policy Document_Guarantee of Upgrade.html,b2e0472cbb9ba9425b633e87f7d5f248_96
/Users/aborse/Documents/Workarea/tallife/MVP/PDF documents/jsonsfromhtmls/Accelerated Protection Policy Document/Accelerated Protection Policy Document_Guaranteed Future Insurability Benefit_12.html,b2e0472cbb9ba9425b633e87f7d5f248_97
/Users/aborse/Documents/Workarea/tallife/MVP/PDF documents/jsonsfromhtmls/Accelerated Protection Policy Document/Accelerated Protection Policy Document_Guaranteed Future Insurability Benefit.html,b2e0472cbb9ba9425b633e87f7d5f248_98
/Users/aborse/Documents/Workarea/tallife/MVP/PDF documents/jsonsfromhtmls/Accelerated Protection Policy Document/Accelerated Protection Policy Document_Guaranteed renewal of cover.html,b2e0472cbb9ba9425b633e87f7d5f248_99
/Users/aborse/Documents/Workarea/tallife/MVP/PDF documents/jsonsfromhtmls/Accelerated Protection Policy Document/Accelerated Protection Policy Document_Headings.html,b2e0472cbb9ba9425b633e87f7d5f248_100
/Users/aborse/Documents/Workarea/tallife/MVP/PDF documents/jsonsfromhtmls/Accelerated Protection Policy Document/Accelerated Protection Policy Document_Housekeeper Benefit.html,b2e0472cbb9ba9425b633e87f7d5f248_101
/Users/aborse/Documents/Workarea/tallife/MVP/PDF documents/jsonsfromhtmls/Accelerated Protection Policy Document/Accelerated Protection Policy Document_How Accelerated Protection works.html,b2e0472cbb9ba9425b633e87f7d5f248_102
/Users/aborse/Documents/Workarea/tallife/MVP/PDF documents/jsonsfromhtmls/Accelerated Protection Policy Document/Accelerated Protection Policy Document_Income Protection Optimal_14.html,b2e0472cbb9ba9425b633e87f7d5f248_103
/Users/aborse/Documents/Workarea/tallife/MVP/PDF documents/jsonsfromhtmls/Accelerated Protection Policy Document/Accelerated Protection Policy Document_Income Protection Optimal.html,b2e0472cbb9ba9425b633e87f7d5f248_104
/Users/aborse/Documents/Workarea/tallife/MVP/PDF documents/jsonsfromhtmls/Accelerated Protection Policy Document/Accelerated Protection Policy Document_Income Protection_7.html,b2e0472cbb9ba9425b633e87f7d5f248_105
/Users/aborse/Documents/Workarea/tallife/MVP/PDF documents/jsonsfromhtmls/Accelerated Protection Policy Document/Accelerated Protection Policy Document_Income Protection_8.html,b2e0472cbb9ba9425b633e87f7d5f248_106
/Users/aborse/Documents/Workarea/tallife/MVP/PDF documents/jsonsfromhtmls/Accelerated Protection Policy Document/Accelerated Protection Policy Document_Income Protection.html,b2e0472cbb9ba9425b633e87f7d5f248_107
/Users/aborse/Documents/Workarea/tallife/MVP/PDF documents/jsonsfromhtmls/Accelerated Protection Policy Document/Accelerated Protection Policy Document_Increasing Claim Option.html,b2e0472cbb9ba9425b633e87f7d5f248_108
/Users/aborse/Documents/Workarea/tallife/MVP/PDF documents/jsonsfromhtmls/Accelerated Protection Policy Document/Accelerated Protection Policy Document_Inflation Protection Benefit_9.html,b2e0472cbb9ba9425b633e87f7d5f248_109
/Users/aborse/Documents/Workarea/tallife/MVP/PDF documents/jsonsfromhtmls/Accelerated Protection Policy Document/Accelerated Protection Policy Document_Inflation Protection Benefit_19.html,b2e0472cbb9ba9425b633e87f7d5f248_110
/Users/aborse/Documents/Workarea/tallife/MVP/PDF documents/jsonsfromhtmls/Accelerated Protection Policy Document/Accelerated Protection Policy Document_Inflation Protection Benefit_24.html,b2e0472cbb9ba9425b633e87f7d5f248_111
/Users/aborse/Documents/Workarea/tallife/MVP/PDF documents/jsonsfromhtmls/Accelerated Protection Policy Document/Accelerated Protection Policy Document_Inflation Protection Benefit.html,b2e0472cbb9ba9425b633e87f7d5f248_112
/Users/aborse/Documents/Workarea/tallife/MVP/PDF documents/jsonsfromhtmls/Accelerated Protection Policy Document/Accelerated Protection Policy Document_Information applicable to Life Critical Illness and TPD Insurances_1.html,b2e0472cbb9ba9425b633e87f7d5f248_113
/Users/aborse/Documents/Workarea/tallife/MVP/PDF documents/jsonsfromhtmls/Accelerated Protection Policy Document/Accelerated Protection Policy Document_Information applicable to Life Critical Illness and TPD Insurances.html,b2e0472cbb9ba9425b633e87f7d5f248_114
/Users/aborse/Documents/Workarea/tallife/MVP/PDF documents/jsonsfromhtmls/Accelerated Protection Policy Document/Accelerated Protection Policy Document_Involuntary Unemployment Benefit.html,b2e0472cbb9ba9425b633e87f7d5f248_115
/Users/aborse/Documents/Workarea/tallife/MVP/PDF documents/jsonsfromhtmls/Accelerated Protection Policy Document/Accelerated Protection Policy Document_Job Security Benefit.html,b2e0472cbb9ba9425b633e87f7d5f248_116
/Users/aborse/Documents/Workarea/tallife/MVP/PDF documents/jsonsfromhtmls/Accelerated Protection Policy Document/Accelerated Protection Policy Document_Jurisdiction.html,b2e0472cbb9ba9425b633e87f7d5f248_117
/Users/aborse/Documents/Workarea/tallife/MVP/PDF documents/jsonsfromhtmls/Accelerated Protection Policy Document/Accelerated Protection Policy Document_Lease Extension Benefit.html,b2e0472cbb9ba9425b633e87f7d5f248_118
/Users/aborse/Documents/Workarea/tallife/MVP/PDF documents/jsonsfromhtmls/Accelerated Protection Policy Document/Accelerated Protection Policy Document_Level premiums.html,b2e0472cbb9ba9425b633e87f7d5f248_119
/Users/aborse/Documents/Workarea/tallife/MVP/PDF documents/jsonsfromhtmls/Accelerated Protection Policy Document/Accelerated Protection Policy Document_Life Insurance_2.html,b2e0472cbb9ba9425b633e87f7d5f248_120
/Users/aborse/Documents/Workarea/tallife/MVP/PDF documents/jsonsfromhtmls/Accelerated Protection Policy Document/Accelerated Protection Policy Document_Life Insurance.html,b2e0472cbb9ba9425b633e87f7d5f248_121
/Users/aborse/Documents/Workarea/tallife/MVP/PDF documents/jsonsfromhtmls/Accelerated Protection Policy Document/Accelerated Protection Policy Document_Limitations and Exclusions_30.html,b2e0472cbb9ba9425b633e87f7d5f248_122
/Users/aborse/Documents/Workarea/tallife/MVP/PDF documents/jsonsfromhtmls/Accelerated Protection Policy Document/Accelerated Protection Policy Document_Limitations and Exclusions.html,b2e0472cbb9ba9425b633e87f7d5f248_123
/Users/aborse/Documents/Workarea/tallife/MVP/PDF documents/jsonsfromhtmls/Accelerated Protection Policy Document/Accelerated Protection Policy Document_Loss of Profits Benefit.html,b2e0472cbb9ba9425b633e87f7d5f248_124
/Users/aborse/Documents/Workarea/tallife/MVP/PDF documents/jsonsfromhtmls/Accelerated Protection Policy Document/Accelerated Protection Policy Document_Maximum Benefit Payable.html,b2e0472cbb9ba9425b633e87f7d5f248_125
/Users/aborse/Documents/Workarea/tallife/MVP/PDF documents/jsonsfromhtmls/Accelerated Protection Policy Document/Accelerated Protection Policy Document_Mental Health Discount Option.html,b2e0472cbb9ba9425b633e87f7d5f248_126
/Users/aborse/Documents/Workarea/tallife/MVP/PDF documents/jsonsfromhtmls/Accelerated Protection Policy Document/Accelerated Protection Policy Document_Misstatement of age.html,b2e0472cbb9ba9425b633e87f7d5f248_127
/Users/aborse/Documents/Workarea/tallife/MVP/PDF documents/jsonsfromhtmls/Accelerated Protection Policy Document/Accelerated Protection Policy Document_Needlestick Benefit_13.html,b2e0472cbb9ba9425b633e87f7d5f248_128
/Users/aborse/Documents/Workarea/tallife/MVP/PDF documents/jsonsfromhtmls/Accelerated Protection Policy Document/Accelerated Protection Policy Document_Needlestick Benefit.html,b2e0472cbb9ba9425b633e87f7d5f248_129
/Users/aborse/Documents/Workarea/tallife/MVP/PDF documents/jsonsfromhtmls/Accelerated Protection Policy Document/Accelerated Protection Policy Document_no-title.html,b2e0472cbb9ba9425b633e87f7d5f248_130
/Users/aborse/Documents/Workarea/tallife/MVP/PDF documents/jsonsfromhtmls/Accelerated Protection Policy Document/Accelerated Protection Policy Document_Non-payment or late payment of premium.html,b2e0472cbb9ba9425b633e87f7d5f248_131
/Users/aborse/Documents/Workarea/tallife/MVP/PDF documents/jsonsfromhtmls/Accelerated Protection Policy Document/Accelerated Protection Policy Document_Notifying us of a claim.html,b2e0472cbb9ba9425b633e87f7d5f248_132
/Users/aborse/Documents/Workarea/tallife/MVP/PDF documents/jsonsfromhtmls/Accelerated Protection Policy Document/Accelerated Protection Policy Document_Obsolete criteria due to advancements in medicalï¿½practice.html,b2e0472cbb9ba9425b633e87f7d5f248_133
/Users/aborse/Documents/Workarea/tallife/MVP/PDF documents/jsonsfromhtmls/Accelerated Protection Policy Document/Accelerated Protection Policy Document_Overseas Assistance Benefit.html,b2e0472cbb9ba9425b633e87f7d5f248_134
/Users/aborse/Documents/Workarea/tallife/MVP/PDF documents/jsonsfromhtmls/Accelerated Protection Policy Document/Accelerated Protection Policy Document_Paralysis Support Benefit.html,b2e0472cbb9ba9425b633e87f7d5f248_135
/Users/aborse/Documents/Workarea/tallife/MVP/PDF documents/jsonsfromhtmls/Accelerated Protection Policy Document/Accelerated Protection Policy Document_Partial Disability Benefit_16.html,b2e0472cbb9ba9425b633e87f7d5f248_136
/Users/aborse/Documents/Workarea/tallife/MVP/PDF documents/jsonsfromhtmls/Accelerated Protection Policy Document/Accelerated Protection Policy Document_Partial Disability Benefit_23.html,b2e0472cbb9ba9425b633e87f7d5f248_137
/Users/aborse/Documents/Workarea/tallife/MVP/PDF documents/jsonsfromhtmls/Accelerated Protection Policy Document/Accelerated Protection Policy Document_Partial Disability Benefit.html,b2e0472cbb9ba9425b633e87f7d5f248_138
/Users/aborse/Documents/Workarea/tallife/MVP/PDF documents/jsonsfromhtmls/Accelerated Protection Policy Document/Accelerated Protection Policy Document_Partial Disability caused by a Specified Critical Illness.html,b2e0472cbb9ba9425b633e87f7d5f248_139
/Users/aborse/Documents/Workarea/tallife/MVP/PDF documents/jsonsfromhtmls/Accelerated Protection Policy Document/Accelerated Protection Policy Document_Partial Disability caused by an Injury or Sickness other than a Specified Critical Illness.html,b2e0472cbb9ba9425b633e87f7d5f248_140
/Users/aborse/Documents/Workarea/tallife/MVP/PDF documents/jsonsfromhtmls/Accelerated Protection Policy Document/Accelerated Protection Policy Document_Payment Extension Benefit.html,b2e0472cbb9ba9425b633e87f7d5f248_141
/Users/aborse/Documents/Workarea/tallife/MVP/PDF documents/jsonsfromhtmls/Accelerated Protection Policy Document/Accelerated Protection Policy Document_Payment frequency.html,b2e0472cbb9ba9425b633e87f7d5f248_142
/Users/aborse/Documents/Workarea/tallife/MVP/PDF documents/jsonsfromhtmls/Accelerated Protection Policy Document/Accelerated Protection Policy Document_Payment method.html,b2e0472cbb9ba9425b633e87f7d5f248_143
/Users/aborse/Documents/Workarea/tallife/MVP/PDF documents/jsonsfromhtmls/Accelerated Protection Policy Document/Accelerated Protection Policy Document_Payment of claim.html,b2e0472cbb9ba9425b633e87f7d5f248_144
/Users/aborse/Documents/Workarea/tallife/MVP/PDF documents/jsonsfromhtmls/Accelerated Protection Policy Document/Accelerated Protection Policy Document_Payment of Premiums.html,b2e0472cbb9ba9425b633e87f7d5f248_145
/Users/aborse/Documents/Workarea/tallife/MVP/PDF documents/jsonsfromhtmls/Accelerated Protection Policy Document/Accelerated Protection Policy Document_Policy Fee.html,b2e0472cbb9ba9425b633e87f7d5f248_146
/Users/aborse/Documents/Workarea/tallife/MVP/PDF documents/jsonsfromhtmls/Accelerated Protection Policy Document/Accelerated Protection Policy Document_Premium Freeze Benefit.html,b2e0472cbb9ba9425b633e87f7d5f248_147
/Users/aborse/Documents/Workarea/tallife/MVP/PDF documents/jsonsfromhtmls/Accelerated Protection Policy Document/Accelerated Protection Policy Document_Premium Pause Benefit.html,b2e0472cbb9ba9425b633e87f7d5f248_148
/Users/aborse/Documents/Workarea/tallife/MVP/PDF documents/jsonsfromhtmls/Accelerated Protection Policy Document/Accelerated Protection Policy Document_Premium Relief Option.html,b2e0472cbb9ba9425b633e87f7d5f248_149
/Users/aborse/Documents/Workarea/tallife/MVP/PDF documents/jsonsfromhtmls/Accelerated Protection Policy Document/Accelerated Protection Policy Document_Recurrent Disability Benefit_27.html,b2e0472cbb9ba9425b633e87f7d5f248_150
/Users/aborse/Documents/Workarea/tallife/MVP/PDF documents/jsonsfromhtmls/Accelerated Protection Policy Document/Accelerated Protection Policy Document_Recurrent Disability Benefit.html,b2e0472cbb9ba9425b633e87f7d5f248_151
/Users/aborse/Documents/Workarea/tallife/MVP/PDF documents/jsonsfromhtmls/Accelerated Protection Policy Document/Accelerated Protection Policy Document_Recurring Claim Benefit.html,b2e0472cbb9ba9425b633e87f7d5f248_152
/Users/aborse/Documents/Workarea/tallife/MVP/PDF documents/jsonsfromhtmls/Accelerated Protection Policy Document/Accelerated Protection Policy Document_Rehabilitation Benefit.html,b2e0472cbb9ba9425b633e87f7d5f248_153
/Users/aborse/Documents/Workarea/tallife/MVP/PDF documents/jsonsfromhtmls/Accelerated Protection Policy Document/Accelerated Protection Policy Document_Rehabilitation Expense Reimbursement Benefit.html,b2e0472cbb9ba9425b633e87f7d5f248_154
/Users/aborse/Documents/Workarea/tallife/MVP/PDF documents/jsonsfromhtmls/Accelerated Protection Policy Document/Accelerated Protection Policy Document_Reinstating a cancelled Policy.html,b2e0472cbb9ba9425b633e87f7d5f248_155
/Users/aborse/Documents/Workarea/tallife/MVP/PDF documents/jsonsfromhtmls/Accelerated Protection Policy Document/Accelerated Protection Policy Document_Repatriation Benefit.html,b2e0472cbb9ba9425b633e87f7d5f248_156
/Users/aborse/Documents/Workarea/tallife/MVP/PDF documents/jsonsfromhtmls/Accelerated Protection Policy Document/Accelerated Protection Policy Document_Retirement Protection Option.html,b2e0472cbb9ba9425b633e87f7d5f248_157
/Users/aborse/Documents/Workarea/tallife/MVP/PDF documents/jsonsfromhtmls/Accelerated Protection Policy Document/Accelerated Protection Policy Document_Return To Work Benefit.html,b2e0472cbb9ba9425b633e87f7d5f248_158
/Users/aborse/Documents/Workarea/tallife/MVP/PDF documents/jsonsfromhtmls/Accelerated Protection Policy Document/Accelerated Protection Policy Document_Scheduled Injury Benefit.html,b2e0472cbb9ba9425b633e87f7d5f248_159
/Users/aborse/Documents/Workarea/tallife/MVP/PDF documents/jsonsfromhtmls/Accelerated Protection Policy Document/Accelerated Protection Policy Document_Statutory Fund.html,b2e0472cbb9ba9425b633e87f7d5f248_160
/Users/aborse/Documents/Workarea/tallife/MVP/PDF documents/jsonsfromhtmls/Accelerated Protection Policy Document/Accelerated Protection Policy Document_Stepped premiums.html,b2e0472cbb9ba9425b633e87f7d5f248_161
/Users/aborse/Documents/Workarea/tallife/MVP/PDF documents/jsonsfromhtmls/Accelerated Protection Policy Document/Accelerated Protection Policy Document_Superannuation Ownership.html,b2e0472cbb9ba9425b633e87f7d5f248_162
/Users/aborse/Documents/Workarea/tallife/MVP/PDF documents/jsonsfromhtmls/Accelerated Protection Policy Document/Accelerated Protection Policy Document_Superannuation Pause Benefit.html,b2e0472cbb9ba9425b633e87f7d5f248_163
/Users/aborse/Documents/Workarea/tallife/MVP/PDF documents/jsonsfromhtmls/Accelerated Protection Policy Document/Accelerated Protection Policy Document_Superlink IP.html,b2e0472cbb9ba9425b633e87f7d5f248_164
/Users/aborse/Documents/Workarea/tallife/MVP/PDF documents/jsonsfromhtmls/Accelerated Protection Policy Document/Accelerated Protection Policy Document_Terminal Illness Benefit.html,b2e0472cbb9ba9425b633e87f7d5f248_165
/Users/aborse/Documents/Workarea/tallife/MVP/PDF documents/jsonsfromhtmls/Accelerated Protection Policy Document/Accelerated Protection Policy Document_Terms used in this document.html,b2e0472cbb9ba9425b633e87f7d5f248_166
/Users/aborse/Documents/Workarea/tallife/MVP/PDF documents/jsonsfromhtmls/Accelerated Protection Policy Document/Accelerated Protection Policy Document_The Policy Document.html,b2e0472cbb9ba9425b633e87f7d5f248_167
/Users/aborse/Documents/Workarea/tallife/MVP/PDF documents/jsonsfromhtmls/Accelerated Protection Policy Document/Accelerated Protection Policy Document_Total Disability Benefit_15.html,b2e0472cbb9ba9425b633e87f7d5f248_168
/Users/aborse/Documents/Workarea/tallife/MVP/PDF documents/jsonsfromhtmls/Accelerated Protection Policy Document/Accelerated Protection Policy Document_Total Disability Benefit_22.html,b2e0472cbb9ba9425b633e87f7d5f248_169
/Users/aborse/Documents/Workarea/tallife/MVP/PDF documents/jsonsfromhtmls/Accelerated Protection Policy Document/Accelerated Protection Policy Document_Total Disability Benefit.html,b2e0472cbb9ba9425b633e87f7d5f248_170
/Users/aborse/Documents/Workarea/tallife/MVP/PDF documents/jsonsfromhtmls/Accelerated Protection Policy Document/Accelerated Protection Policy Document_Total Disability caused by a Specified Critical Illness.html,b2e0472cbb9ba9425b633e87f7d5f248_171
/Users/aborse/Documents/Workarea/tallife/MVP/PDF documents/jsonsfromhtmls/Accelerated Protection Policy Document/Accelerated Protection Policy Document_Total Disability caused by a Specifiedï¿½Injury.html,b2e0472cbb9ba9425b633e87f7d5f248_172
/Users/aborse/Documents/Workarea/tallife/MVP/PDF documents/jsonsfromhtmls/Accelerated Protection Policy Document/Accelerated Protection Policy Document_Total Disability caused by an Injury or Sickness other than a Specified Injury or a Specified Critical Illness.html,b2e0472cbb9ba9425b633e87f7d5f248_173
/Users/aborse/Documents/Workarea/tallife/MVP/PDF documents/jsonsfromhtmls/Accelerated Protection Policy Document/Accelerated Protection Policy Document_TPD Benefit.html,b2e0472cbb9ba9425b633e87f7d5f248_174
/Users/aborse/Documents/Workarea/tallife/MVP/PDF documents/jsonsfromhtmls/Accelerated Protection Policy Document/Accelerated Protection Policy Document_TPD Insurance_4.html,b2e0472cbb9ba9425b633e87f7d5f248_175
/Users/aborse/Documents/Workarea/tallife/MVP/PDF documents/jsonsfromhtmls/Accelerated Protection Policy Document/Accelerated Protection Policy Document_TPD Insurance.html,b2e0472cbb9ba9425b633e87f7d5f248_176
/Users/aborse/Documents/Workarea/tallife/MVP/PDF documents/jsonsfromhtmls/Accelerated Protection Policy Document/Accelerated Protection Policy Document_Waiver of Premium Benefit_17.html,b2e0472cbb9ba9425b633e87f7d5f248_177
/Users/aborse/Documents/Workarea/tallife/MVP/PDF documents/jsonsfromhtmls/Accelerated Protection Policy Document/Accelerated Protection Policy Document_Waiver of Premium Benefit_25.html,b2e0472cbb9ba9425b633e87f7d5f248_178
/Users/aborse/Documents/Workarea/tallife/MVP/PDF documents/jsonsfromhtmls/Accelerated Protection Policy Document/Accelerated Protection Policy Document_Waiver of Premium Benefit.html,b2e0472cbb9ba9425b633e87f7d5f248_179
/Users/aborse/Documents/Workarea/tallife/MVP/PDF documents/jsonsfromhtmls/Accelerated Protection Policy Document/Accelerated Protection Policy Document_We may cancel a Policy for a fraudulent claim.html,b2e0472cbb9ba9425b633e87f7d5f248_180
/Users/aborse/Documents/Workarea/tallife/MVP/PDF documents/jsonsfromhtmls/Accelerated Protection Policy Document/Accelerated Protection Policy Document_When Business Expense insurance ends.html,b2e0472cbb9ba9425b633e87f7d5f248_181
/Users/aborse/Documents/Workarea/tallife/MVP/PDF documents/jsonsfromhtmls/Accelerated Protection Policy Document/Accelerated Protection Policy Document_When cover starts and ends.html,b2e0472cbb9ba9425b633e87f7d5f248_182
/Users/aborse/Documents/Workarea/tallife/MVP/PDF documents/jsonsfromhtmls/Accelerated Protection Policy Document/Accelerated Protection Policy Document_When Critical Illness insurance ends.html,b2e0472cbb9ba9425b633e87f7d5f248_183
/Users/aborse/Documents/Workarea/tallife/MVP/PDF documents/jsonsfromhtmls/Accelerated Protection Policy Document/Accelerated Protection Policy Document_When Income Protection Optimal ends.html,b2e0472cbb9ba9425b633e87f7d5f248_184
/Users/aborse/Documents/Workarea/tallife/MVP/PDF documents/jsonsfromhtmls/Accelerated Protection Policy Document/Accelerated Protection Policy Document_When Income Protection Super Standard and Premier end.html,b2e0472cbb9ba9425b633e87f7d5f248_185
/Users/aborse/Documents/Workarea/tallife/MVP/PDF documents/jsonsfromhtmls/Accelerated Protection Policy Document/Accelerated Protection Policy Document_When Life insurance ends.html,b2e0472cbb9ba9425b633e87f7d5f248_186
/Users/aborse/Documents/Workarea/tallife/MVP/PDF documents/jsonsfromhtmls/Accelerated Protection Policy Document/Accelerated Protection Policy Document_When TPD insurance ends.html,b2e0472cbb9ba9425b633e87f7d5f248_187
/Users/aborse/Documents/Workarea/tallife/MVP/PDF documents/jsonsfromhtmls/Accelerated Protection Policy Document/Accelerated Protection Policy Document_Who we pay.html,b2e0472cbb9ba9425b633e87f7d5f248_188
/Users/aborse/Documents/Workarea/tallife/MVP/PDF documents/jsonsfromhtmls/Accelerated Protection Policy Document/Accelerated Protection Policy Document_Your obligation regarding disability duration and severity.html,b2e0472cbb9ba9425b633e87f7d5f248_189
/Users/aborse/Documents/Workarea/tallife/MVP/PDF documents/jsonsfromhtmls/Accelerated Protection Adviser Guide/Accelerated Protection Adviser Guide_1869.html,3c2a11fb05482cdc23e493749e29c6ad_1
/Users/aborse/Documents/Workarea/tallife/MVP/PDF documents/jsonsfromhtmls/Accelerated Protection Adviser Guide/Accelerated Protection Adviser Guide_1990.html,3c2a11fb05482cdc23e493749e29c6ad_2
/Users/aborse/Documents/Workarea/tallife/MVP/PDF documents/jsonsfromhtmls/Accelerated Protection Adviser Guide/Accelerated Protection Adviser Guide_1993.html,3c2a11fb05482cdc23e493749e29c6ad_3
/Users/aborse/Documents/Workarea/tallife/MVP/PDF documents/jsonsfromhtmls/Accelerated Protection Adviser Guide/Accelerated Protection Adviser Guide_1999.html,3c2a11fb05482cdc23e493749e29c6ad_4
/Users/aborse/Documents/Workarea/tallife/MVP/PDF documents/jsonsfromhtmls/Accelerated Protection Adviser Guide/Accelerated Protection Adviser Guide_2006.html,3c2a11fb05482cdc23e493749e29c6ad_5
/Users/aborse/Documents/Workarea/tallife/MVP/PDF documents/jsonsfromhtmls/Accelerated Protection Adviser Guide/Accelerated Protection Adviser Guide_2008.html,3c2a11fb05482cdc23e493749e29c6ad_6
/Users/aborse/Documents/Workarea/tallife/MVP/PDF documents/jsonsfromhtmls/Accelerated Protection Adviser Guide/Accelerated Protection Adviser Guide_2011.html,3c2a11fb05482cdc23e493749e29c6ad_7
/Users/aborse/Documents/Workarea/tallife/MVP/PDF documents/jsonsfromhtmls/Accelerated Protection Adviser Guide/Accelerated Protection Adviser Guide_2014.html,3c2a11fb05482cdc23e493749e29c6ad_8
/Users/aborse/Documents/Workarea/tallife/MVP/PDF documents/jsonsfromhtmls/Accelerated Protection Adviser Guide/Accelerated Protection Adviser Guide_2015.html,3c2a11fb05482cdc23e493749e29c6ad_9
/Users/aborse/Documents/Workarea/tallife/MVP/PDF documents/jsonsfromhtmls/Accelerated Protection Adviser Guide/Accelerated Protection Adviser Guide_2016.html,3c2a11fb05482cdc23e493749e29c6ad_10
/Users/aborse/Documents/Workarea/tallife/MVP/PDF documents/jsonsfromhtmls/Accelerated Protection Adviser Guide/Accelerated Protection Adviser Guide_About Tele-Interviewing.html,3c2a11fb05482cdc23e493749e29c6ad_11
/Users/aborse/Documents/Workarea/tallife/MVP/PDF documents/jsonsfromhtmls/Accelerated Protection Adviser Guide/Accelerated Protection Adviser Guide_About Tele-Underwriting.html,3c2a11fb05482cdc23e493749e29c6ad_12
/Users/aborse/Documents/Workarea/tallife/MVP/PDF documents/jsonsfromhtmls/Accelerated Protection Adviser Guide/Accelerated Protection Adviser Guide_About this Guide_1.html,3c2a11fb05482cdc23e493749e29c6ad_13
/Users/aborse/Documents/Workarea/tallife/MVP/PDF documents/jsonsfromhtmls/Accelerated Protection Adviser Guide/Accelerated Protection Adviser Guide_About this Guide.html,3c2a11fb05482cdc23e493749e29c6ad_14
/Users/aborse/Documents/Workarea/tallife/MVP/PDF documents/jsonsfromhtmls/Accelerated Protection Adviser Guide/Accelerated Protection Adviser Guide_Accelerated Commission continued.html,3c2a11fb05482cdc23e493749e29c6ad_15
/Users/aborse/Documents/Workarea/tallife/MVP/PDF documents/jsonsfromhtmls/Accelerated Protection Adviser Guide/Accelerated Protection Adviser Guide_Accelerated Commission_17.html,3c2a11fb05482cdc23e493749e29c6ad_16
/Users/aborse/Documents/Workarea/tallife/MVP/PDF documents/jsonsfromhtmls/Accelerated Protection Adviser Guide/Accelerated Protection Adviser Guide_Accelerated Commission.html,3c2a11fb05482cdc23e493749e29c6ad_17
/Users/aborse/Documents/Workarea/tallife/MVP/PDF documents/jsonsfromhtmls/Accelerated Protection Adviser Guide/Accelerated Protection Adviser Guide_Accelerated Protection for Platforms_18.html,3c2a11fb05482cdc23e493749e29c6ad_18
/Users/aborse/Documents/Workarea/tallife/MVP/PDF documents/jsonsfromhtmls/Accelerated Protection Adviser Guide/Accelerated Protection Adviser Guide_Accelerated Protection for Platforms.html,3c2a11fb05482cdc23e493749e29c6ad_19
/Users/aborse/Documents/Workarea/tallife/MVP/PDF documents/jsonsfromhtmls/Accelerated Protection Adviser Guide/Accelerated Protection Adviser Guide_Advancement Benefit.html,3c2a11fb05482cdc23e493749e29c6ad_20
/Users/aborse/Documents/Workarea/tallife/MVP/PDF documents/jsonsfromhtmls/Accelerated Protection Adviser Guide/Accelerated Protection Adviser Guide_Adviser Guide | 1 April 2017.html,3c2a11fb05482cdc23e493749e29c6ad_21
/Users/aborse/Documents/Workarea/tallife/MVP/PDF documents/jsonsfromhtmls/Accelerated Protection Adviser Guide/Accelerated Protection Adviser Guide_Alternate Terms.html,3c2a11fb05482cdc23e493749e29c6ad_22
/Users/aborse/Documents/Workarea/tallife/MVP/PDF documents/jsonsfromhtmls/Accelerated Protection Adviser Guide/Accelerated Protection Adviser Guide_Application form.html,3c2a11fb05482cdc23e493749e29c6ad_23
/Users/aborse/Documents/Workarea/tallife/MVP/PDF documents/jsonsfromhtmls/Accelerated Protection Adviser Guide/Accelerated Protection Adviser Guide_Applying for both Income Protection and Business Expense insurance.html,3c2a11fb05482cdc23e493749e29c6ad_24
/Users/aborse/Documents/Workarea/tallife/MVP/PDF documents/jsonsfromhtmls/Accelerated Protection Adviser Guide/Accelerated Protection Adviser Guide_Applying for the Offer.html,3c2a11fb05482cdc23e493749e29c6ad_25
/Users/aborse/Documents/Workarea/tallife/MVP/PDF documents/jsonsfromhtmls/Accelerated Protection Adviser Guide/Accelerated Protection Adviser Guide_Apprentices.html,3c2a11fb05482cdc23e493749e29c6ad_26
/Users/aborse/Documents/Workarea/tallife/MVP/PDF documents/jsonsfromhtmls/Accelerated Protection Adviser Guide/Accelerated Protection Adviser Guide_Bankruptcy Liquidation Receivership or Administration_6.html,3c2a11fb05482cdc23e493749e29c6ad_27
/Users/aborse/Documents/Workarea/tallife/MVP/PDF documents/jsonsfromhtmls/Accelerated Protection Adviser Guide/Accelerated Protection Adviser Guide_Bankruptcy Liquidation Receivership or Administration.html,3c2a11fb05482cdc23e493749e29c6ad_28
/Users/aborse/Documents/Workarea/tallife/MVP/PDF documents/jsonsfromhtmls/Accelerated Protection Adviser Guide/Accelerated Protection Adviser Guide_Blood Test Details.html,3c2a11fb05482cdc23e493749e29c6ad_29
/Users/aborse/Documents/Workarea/tallife/MVP/PDF documents/jsonsfromhtmls/Accelerated Protection Adviser Guide/Accelerated Protection Adviser Guide_Business Cover.html,3c2a11fb05482cdc23e493749e29c6ad_30
/Users/aborse/Documents/Workarea/tallife/MVP/PDF documents/jsonsfromhtmls/Accelerated Protection Adviser Guide/Accelerated Protection Adviser Guide_Business Insurance Option.html,3c2a11fb05482cdc23e493749e29c6ad_31
/Users/aborse/Documents/Workarea/tallife/MVP/PDF documents/jsonsfromhtmls/Accelerated Protection Adviser Guide/Accelerated Protection Adviser Guide_Calculating benefit levels.html,3c2a11fb05482cdc23e493749e29c6ad_32
/Users/aborse/Documents/Workarea/tallife/MVP/PDF documents/jsonsfromhtmls/Accelerated Protection Adviser Guide/Accelerated Protection Adviser Guide_Changes in Cover Requiring Underwriting.html,3c2a11fb05482cdc23e493749e29c6ad_33
/Users/aborse/Documents/Workarea/tallife/MVP/PDF documents/jsonsfromhtmls/Accelerated Protection Adviser Guide/Accelerated Protection Adviser Guide_Childs Critical Illness Option.html,3c2a11fb05482cdc23e493749e29c6ad_34
/Users/aborse/Documents/Workarea/tallife/MVP/PDF documents/jsonsfromhtmls/Accelerated Protection Adviser Guide/Accelerated Protection Adviser Guide_CI Reinstatement Option.html,3c2a11fb05482cdc23e493749e29c6ad_35
/Users/aborse/Documents/Workarea/tallife/MVP/PDF documents/jsonsfromhtmls/Accelerated Protection Adviser Guide/Accelerated Protection Adviser Guide_Commission Payment Process.html,3c2a11fb05482cdc23e493749e29c6ad_36
/Users/aborse/Documents/Workarea/tallife/MVP/PDF documents/jsonsfromhtmls/Accelerated Protection Adviser Guide/Accelerated Protection Adviser Guide_Completing the Application_10.html,3c2a11fb05482cdc23e493749e29c6ad_37
/Users/aborse/Documents/Workarea/tallife/MVP/PDF documents/jsonsfromhtmls/Accelerated Protection Adviser Guide/Accelerated Protection Adviser Guide_Completing the Application.html,3c2a11fb05482cdc23e493749e29c6ad_38
/Users/aborse/Documents/Workarea/tallife/MVP/PDF documents/jsonsfromhtmls/Accelerated Protection Adviser Guide/Accelerated Protection Adviser Guide_continued.html,3c2a11fb05482cdc23e493749e29c6ad_39
/Users/aborse/Documents/Workarea/tallife/MVP/PDF documents/jsonsfromhtmls/Accelerated Protection Adviser Guide/Accelerated Protection Adviser Guide_Conversion Options.html,3c2a11fb05482cdc23e493749e29c6ad_40
/Users/aborse/Documents/Workarea/tallife/MVP/PDF documents/jsonsfromhtmls/Accelerated Protection Adviser Guide/Accelerated Protection Adviser Guide_Cover Available.html,3c2a11fb05482cdc23e493749e29c6ad_41
/Users/aborse/Documents/Workarea/tallife/MVP/PDF documents/jsonsfromhtmls/Accelerated Protection Adviser Guide/Accelerated Protection Adviser Guide_Critical Illness cover.html,3c2a11fb05482cdc23e493749e29c6ad_42
/Users/aborse/Documents/Workarea/tallife/MVP/PDF documents/jsonsfromhtmls/Accelerated Protection Adviser Guide/Accelerated Protection Adviser Guide_Critical Illness insurance CI.html,3c2a11fb05482cdc23e493749e29c6ad_43
/Users/aborse/Documents/Workarea/tallife/MVP/PDF documents/jsonsfromhtmls/Accelerated Protection Adviser Guide/Accelerated Protection Adviser Guide_Death Buy Back Option.html,3c2a11fb05482cdc23e493749e29c6ad_44
/Users/aborse/Documents/Workarea/tallife/MVP/PDF documents/jsonsfromhtmls/Accelerated Protection Adviser Guide/Accelerated Protection Adviser Guide_Declined Applications.html,3c2a11fb05482cdc23e493749e29c6ad_45
/Users/aborse/Documents/Workarea/tallife/MVP/PDF documents/jsonsfromhtmls/Accelerated Protection Adviser Guide/Accelerated Protection Adviser Guide_Determine monthly earnings.html,3c2a11fb05482cdc23e493749e29c6ad_46
/Users/aborse/Documents/Workarea/tallife/MVP/PDF documents/jsonsfromhtmls/Accelerated Protection Adviser Guide/Accelerated Protection Adviser Guide_Disclosure of Reasons for Alternate Terms.html,3c2a11fb05482cdc23e493749e29c6ad_47
/Users/aborse/Documents/Workarea/tallife/MVP/PDF documents/jsonsfromhtmls/Accelerated Protection Adviser Guide/Accelerated Protection Adviser Guide_Documentation Lifespan_12.html,3c2a11fb05482cdc23e493749e29c6ad_48
/Users/aborse/Documents/Workarea/tallife/MVP/PDF documents/jsonsfromhtmls/Accelerated Protection Adviser Guide/Accelerated Protection Adviser Guide_Documentation Lifespan.html,3c2a11fb05482cdc23e493749e29c6ad_49
/Users/aborse/Documents/Workarea/tallife/MVP/PDF documents/jsonsfromhtmls/Accelerated Protection Adviser Guide/Accelerated Protection Adviser Guide_Double CI Option.html,3c2a11fb05482cdc23e493749e29c6ad_50
/Users/aborse/Documents/Workarea/tallife/MVP/PDF documents/jsonsfromhtmls/Accelerated Protection Adviser Guide/Accelerated Protection Adviser Guide_Double TPD Option.html,3c2a11fb05482cdc23e493749e29c6ad_51
/Users/aborse/Documents/Workarea/tallife/MVP/PDF documents/jsonsfromhtmls/Accelerated Protection Adviser Guide/Accelerated Protection Adviser Guide_Eligibility criteria.html,3c2a11fb05482cdc23e493749e29c6ad_52
/Users/aborse/Documents/Workarea/tallife/MVP/PDF documents/jsonsfromhtmls/Accelerated Protection Adviser Guide/Accelerated Protection Adviser Guide_Employees.html,3c2a11fb05482cdc23e493749e29c6ad_53
/Users/aborse/Documents/Workarea/tallife/MVP/PDF documents/jsonsfromhtmls/Accelerated Protection Adviser Guide/Accelerated Protection Adviser Guide_Employment - full-time and part-time eligibility criteria.html,3c2a11fb05482cdc23e493749e29c6ad_54
/Users/aborse/Documents/Workarea/tallife/MVP/PDF documents/jsonsfromhtmls/Accelerated Protection Adviser Guide/Accelerated Protection Adviser Guide_Exclusions and Loadings.html,3c2a11fb05482cdc23e493749e29c6ad_55
/Users/aborse/Documents/Workarea/tallife/MVP/PDF documents/jsonsfromhtmls/Accelerated Protection Adviser Guide/Accelerated Protection Adviser Guide_Farmers owners.html,3c2a11fb05482cdc23e493749e29c6ad_56
/Users/aborse/Documents/Workarea/tallife/MVP/PDF documents/jsonsfromhtmls/Accelerated Protection Adviser Guide/Accelerated Protection Adviser Guide_Fast-Check Examination - Specialist.html,3c2a11fb05482cdc23e493749e29c6ad_57
/Users/aborse/Documents/Workarea/tallife/MVP/PDF documents/jsonsfromhtmls/Accelerated Protection Adviser Guide/Accelerated Protection Adviser Guide_Female Critical Illness Benefit.html,3c2a11fb05482cdc23e493749e29c6ad_58
/Users/aborse/Documents/Workarea/tallife/MVP/PDF documents/jsonsfromhtmls/Accelerated Protection Adviser Guide/Accelerated Protection Adviser Guide_Financial Requirements for Life TPDï¿½andï¿½CI insurance.html,3c2a11fb05482cdc23e493749e29c6ad_59
/Users/aborse/Documents/Workarea/tallife/MVP/PDF documents/jsonsfromhtmls/Accelerated Protection Adviser Guide/Accelerated Protection Adviser Guide_Financial Underwriting for Business Expense insurance.html,3c2a11fb05482cdc23e493749e29c6ad_60
/Users/aborse/Documents/Workarea/tallife/MVP/PDF documents/jsonsfromhtmls/Accelerated Protection Adviser Guide/Accelerated Protection Adviser Guide_Financial Underwriting for Incomeï¿½Protection.html,3c2a11fb05482cdc23e493749e29c6ad_61
/Users/aborse/Documents/Workarea/tallife/MVP/PDF documents/jsonsfromhtmls/Accelerated Protection Adviser Guide/Accelerated Protection Adviser Guide_Financial Underwriting for Life TPDï¿½andï¿½Critical Illness.html,3c2a11fb05482cdc23e493749e29c6ad_62
/Users/aborse/Documents/Workarea/tallife/MVP/PDF documents/jsonsfromhtmls/Accelerated Protection Adviser Guide/Accelerated Protection Adviser Guide_Financial Underwriting Guidelines.html,3c2a11fb05482cdc23e493749e29c6ad_63
/Users/aborse/Documents/Workarea/tallife/MVP/PDF documents/jsonsfromhtmls/Accelerated Protection Adviser Guide/Accelerated Protection Adviser Guide_General Policy Administration.html,3c2a11fb05482cdc23e493749e29c6ad_64
/Users/aborse/Documents/Workarea/tallife/MVP/PDF documents/jsonsfromhtmls/Accelerated Protection Adviser Guide/Accelerated Protection Adviser Guide_General.html,3c2a11fb05482cdc23e493749e29c6ad_65
/Users/aborse/Documents/Workarea/tallife/MVP/PDF documents/jsonsfromhtmls/Accelerated Protection Adviser Guide/Accelerated Protection Adviser Guide_Health Sense discount_16.html,3c2a11fb05482cdc23e493749e29c6ad_66
/Users/aborse/Documents/Workarea/tallife/MVP/PDF documents/jsonsfromhtmls/Accelerated Protection Adviser Guide/Accelerated Protection Adviser Guide_Health Sense discount.html,3c2a11fb05482cdc23e493749e29c6ad_67
/Users/aborse/Documents/Workarea/tallife/MVP/PDF documents/jsonsfromhtmls/Accelerated Protection Adviser Guide/Accelerated Protection Adviser Guide_Height and Weight.html,3c2a11fb05482cdc23e493749e29c6ad_68
/Users/aborse/Documents/Workarea/tallife/MVP/PDF documents/jsonsfromhtmls/Accelerated Protection Adviser Guide/Accelerated Protection Adviser Guide_Home Duties full-time.html,3c2a11fb05482cdc23e493749e29c6ad_69
/Users/aborse/Documents/Workarea/tallife/MVP/PDF documents/jsonsfromhtmls/Accelerated Protection Adviser Guide/Accelerated Protection Adviser Guide_How it works.html,3c2a11fb05482cdc23e493749e29c6ad_70
/Users/aborse/Documents/Workarea/tallife/MVP/PDF documents/jsonsfromhtmls/Accelerated Protection Adviser Guide/Accelerated Protection Adviser Guide_HOW TAL COMPARES.html,3c2a11fb05482cdc23e493749e29c6ad_71
/Users/aborse/Documents/Workarea/tallife/MVP/PDF documents/jsonsfromhtmls/Accelerated Protection Adviser Guide/Accelerated Protection Adviser Guide_How to apply.html,3c2a11fb05482cdc23e493749e29c6ad_72
/Users/aborse/Documents/Workarea/tallife/MVP/PDF documents/jsonsfromhtmls/Accelerated Protection Adviser Guide/Accelerated Protection Adviser Guide_How We Pay Commission.html,3c2a11fb05482cdc23e493749e29c6ad_73
/Users/aborse/Documents/Workarea/tallife/MVP/PDF documents/jsonsfromhtmls/Accelerated Protection Adviser Guide/Accelerated Protection Adviser Guide_Income Protection and Business Expense Code Descriptions.html,3c2a11fb05482cdc23e493749e29c6ad_74
/Users/aborse/Documents/Workarea/tallife/MVP/PDF documents/jsonsfromhtmls/Accelerated Protection Adviser Guide/Accelerated Protection Adviser Guide_Income Protection IP.html,3c2a11fb05482cdc23e493749e29c6ad_75
/Users/aborse/Documents/Workarea/tallife/MVP/PDF documents/jsonsfromhtmls/Accelerated Protection Adviser Guide/Accelerated Protection Adviser Guide_Income Protection Premier.html,3c2a11fb05482cdc23e493749e29c6ad_76
/Users/aborse/Documents/Workarea/tallife/MVP/PDF documents/jsonsfromhtmls/Accelerated Protection Adviser Guide/Accelerated Protection Adviser Guide_Income Protection Standard.html,3c2a11fb05482cdc23e493749e29c6ad_77
/Users/aborse/Documents/Workarea/tallife/MVP/PDF documents/jsonsfromhtmls/Accelerated Protection Adviser Guide/Accelerated Protection Adviser Guide_Income Protection Super.html,3c2a11fb05482cdc23e493749e29c6ad_78
/Users/aborse/Documents/Workarea/tallife/MVP/PDF documents/jsonsfromhtmls/Accelerated Protection Adviser Guide/Accelerated Protection Adviser Guide_Income Splitting.html,3c2a11fb05482cdc23e493749e29c6ad_79
/Users/aborse/Documents/Workarea/tallife/MVP/PDF documents/jsonsfromhtmls/Accelerated Protection Adviser Guide/Accelerated Protection Adviser Guide_Increased Benefits.html,3c2a11fb05482cdc23e493749e29c6ad_80
/Users/aborse/Documents/Workarea/tallife/MVP/PDF documents/jsonsfromhtmls/Accelerated Protection Adviser Guide/Accelerated Protection Adviser Guide_Insurance History.html,3c2a11fb05482cdc23e493749e29c6ad_81
/Users/aborse/Documents/Workarea/tallife/MVP/PDF documents/jsonsfromhtmls/Accelerated Protection Adviser Guide/Accelerated Protection Adviser Guide_Interim Cover_3.html,3c2a11fb05482cdc23e493749e29c6ad_82
/Users/aborse/Documents/Workarea/tallife/MVP/PDF documents/jsonsfromhtmls/Accelerated Protection Adviser Guide/Accelerated Protection Adviser Guide_Interim Cover.html,3c2a11fb05482cdc23e493749e29c6ad_83
/Users/aborse/Documents/Workarea/tallife/MVP/PDF documents/jsonsfromhtmls/Accelerated Protection Adviser Guide/Accelerated Protection Adviser Guide_Large Benefit Discounts.html,3c2a11fb05482cdc23e493749e29c6ad_84
/Users/aborse/Documents/Workarea/tallife/MVP/PDF documents/jsonsfromhtmls/Accelerated Protection Adviser Guide/Accelerated Protection Adviser Guide_Life and TPD cover.html,3c2a11fb05482cdc23e493749e29c6ad_85
/Users/aborse/Documents/Workarea/tallife/MVP/PDF documents/jsonsfromhtmls/Accelerated Protection Adviser Guide/Accelerated Protection Adviser Guide_Life Critical Illness and TPD insurance.html,3c2a11fb05482cdc23e493749e29c6ad_86
/Users/aborse/Documents/Workarea/tallife/MVP/PDF documents/jsonsfromhtmls/Accelerated Protection Adviser Guide/Accelerated Protection Adviser Guide_Lifestyle Factors.html,3c2a11fb05482cdc23e493749e29c6ad_87
/Users/aborse/Documents/Workarea/tallife/MVP/PDF documents/jsonsfromhtmls/Accelerated Protection Adviser Guide/Accelerated Protection Adviser Guide_Limits for financial requirements.html,3c2a11fb05482cdc23e493749e29c6ad_88
/Users/aborse/Documents/Workarea/tallife/MVP/PDF documents/jsonsfromhtmls/Accelerated Protection Adviser Guide/Accelerated Protection Adviser Guide_Maximum Benefit.html,3c2a11fb05482cdc23e493749e29c6ad_89
/Users/aborse/Documents/Workarea/tallife/MVP/PDF documents/jsonsfromhtmls/Accelerated Protection Adviser Guide/Accelerated Protection Adviser Guide_Maximum Benefits for Home Duties.html,3c2a11fb05482cdc23e493749e29c6ad_90
/Users/aborse/Documents/Workarea/tallife/MVP/PDF documents/jsonsfromhtmls/Accelerated Protection Adviser Guide/Accelerated Protection Adviser Guide_Maximum benefits for Personal Cover.html,3c2a11fb05482cdc23e493749e29c6ad_91
/Users/aborse/Documents/Workarea/tallife/MVP/PDF documents/jsonsfromhtmls/Accelerated Protection Adviser Guide/Accelerated Protection Adviser Guide_Maximum levels of cover.html,3c2a11fb05482cdc23e493749e29c6ad_92
/Users/aborse/Documents/Workarea/tallife/MVP/PDF documents/jsonsfromhtmls/Accelerated Protection Adviser Guide/Accelerated Protection Adviser Guide_Medical Examinations.html,3c2a11fb05482cdc23e493749e29c6ad_93
/Users/aborse/Documents/Workarea/tallife/MVP/PDF documents/jsonsfromhtmls/Accelerated Protection Adviser Guide/Accelerated Protection Adviser Guide_Medical Requirements for Income Protection and Business Expense insurance.html,3c2a11fb05482cdc23e493749e29c6ad_94
/Users/aborse/Documents/Workarea/tallife/MVP/PDF documents/jsonsfromhtmls/Accelerated Protection Adviser Guide/Accelerated Protection Adviser Guide_Medical Requirements for Life TPDï¿½andï¿½Critical Illness.html,3c2a11fb05482cdc23e493749e29c6ad_95
/Users/aborse/Documents/Workarea/tallife/MVP/PDF documents/jsonsfromhtmls/Accelerated Protection Adviser Guide/Accelerated Protection Adviser Guide_Medical Services Information.html,3c2a11fb05482cdc23e493749e29c6ad_96
/Users/aborse/Documents/Workarea/tallife/MVP/PDF documents/jsonsfromhtmls/Accelerated Protection Adviser Guide/Accelerated Protection Adviser Guide_Medical Underwriting Requirements_4.html,3c2a11fb05482cdc23e493749e29c6ad_97
/Users/aborse/Documents/Workarea/tallife/MVP/PDF documents/jsonsfromhtmls/Accelerated Protection Adviser Guide/Accelerated Protection Adviser Guide_Medical Underwriting Requirements.html,3c2a11fb05482cdc23e493749e29c6ad_98
/Users/aborse/Documents/Workarea/tallife/MVP/PDF documents/jsonsfromhtmls/Accelerated Protection Adviser Guide/Accelerated Protection Adviser Guide_Minimum Policy Premium.html,3c2a11fb05482cdc23e493749e29c6ad_99
/Users/aborse/Documents/Workarea/tallife/MVP/PDF documents/jsonsfromhtmls/Accelerated Protection Adviser Guide/Accelerated Protection Adviser Guide_Monthly benefits over 20000.html,3c2a11fb05482cdc23e493749e29c6ad_100
/Users/aborse/Documents/Workarea/tallife/MVP/PDF documents/jsonsfromhtmls/Accelerated Protection Adviser Guide/Accelerated Protection Adviser Guide_Monthly benefits over 30000_5.html,3c2a11fb05482cdc23e493749e29c6ad_101
/Users/aborse/Documents/Workarea/tallife/MVP/PDF documents/jsonsfromhtmls/Accelerated Protection Adviser Guide/Accelerated Protection Adviser Guide_Monthly benefits over 30000.html,3c2a11fb05482cdc23e493749e29c6ad_102
/Users/aborse/Documents/Workarea/tallife/MVP/PDF documents/jsonsfromhtmls/Accelerated Protection Adviser Guide/Accelerated Protection Adviser Guide_Needlestick Benefit.html,3c2a11fb05482cdc23e493749e29c6ad_103
/Users/aborse/Documents/Workarea/tallife/MVP/PDF documents/jsonsfromhtmls/Accelerated Protection Adviser Guide/Accelerated Protection Adviser Guide_New Professionals Package.html,3c2a11fb05482cdc23e493749e29c6ad_104
/Users/aborse/Documents/Workarea/tallife/MVP/PDF documents/jsonsfromhtmls/Accelerated Protection Adviser Guide/Accelerated Protection Adviser Guide_Newly Self-employed.html,3c2a11fb05482cdc23e493749e29c6ad_105
/Users/aborse/Documents/Workarea/tallife/MVP/PDF documents/jsonsfromhtmls/Accelerated Protection Adviser Guide/Accelerated Protection Adviser Guide_NS.html,3c2a11fb05482cdc23e493749e29c6ad_106
/Users/aborse/Documents/Workarea/tallife/MVP/PDF documents/jsonsfromhtmls/Accelerated Protection Adviser Guide/Accelerated Protection Adviser Guide_Occupation Classification Descriptions_8.html,3c2a11fb05482cdc23e493749e29c6ad_107
/Users/aborse/Documents/Workarea/tallife/MVP/PDF documents/jsonsfromhtmls/Accelerated Protection Adviser Guide/Accelerated Protection Adviser Guide_Occupation Classification Descriptions.html,3c2a11fb05482cdc23e493749e29c6ad_108
/Users/aborse/Documents/Workarea/tallife/MVP/PDF documents/jsonsfromhtmls/Accelerated Protection Adviser Guide/Accelerated Protection Adviser Guide_Occupation Details - General Guidelines_7.html,3c2a11fb05482cdc23e493749e29c6ad_109
/Users/aborse/Documents/Workarea/tallife/MVP/PDF documents/jsonsfromhtmls/Accelerated Protection Adviser Guide/Accelerated Protection Adviser Guide_Occupation Details - General Guidelines.html,3c2a11fb05482cdc23e493749e29c6ad_110
/Users/aborse/Documents/Workarea/tallife/MVP/PDF documents/jsonsfromhtmls/Accelerated Protection Adviser Guide/Accelerated Protection Adviser Guide_Occupation Listing_9.html,3c2a11fb05482cdc23e493749e29c6ad_111
/Users/aborse/Documents/Workarea/tallife/MVP/PDF documents/jsonsfromhtmls/Accelerated Protection Adviser Guide/Accelerated Protection Adviser Guide_Occupation Listing.html,3c2a11fb05482cdc23e493749e29c6ad_112
/Users/aborse/Documents/Workarea/tallife/MVP/PDF documents/jsonsfromhtmls/Accelerated Protection Adviser Guide/Accelerated Protection Adviser Guide_Ongoing Income.html,3c2a11fb05482cdc23e493749e29c6ad_113
/Users/aborse/Documents/Workarea/tallife/MVP/PDF documents/jsonsfromhtmls/Accelerated Protection Adviser Guide/Accelerated Protection Adviser Guide_Online applications.html,3c2a11fb05482cdc23e493749e29c6ad_114
/Users/aborse/Documents/Workarea/tallife/MVP/PDF documents/jsonsfromhtmls/Accelerated Protection Adviser Guide/Accelerated Protection Adviser Guide_Optional Benefit.html,3c2a11fb05482cdc23e493749e29c6ad_115
/Users/aborse/Documents/Workarea/tallife/MVP/PDF documents/jsonsfromhtmls/Accelerated Protection Adviser Guide/Accelerated Protection Adviser Guide_Optional Benefits.html,3c2a11fb05482cdc23e493749e29c6ad_116
/Users/aborse/Documents/Workarea/tallife/MVP/PDF documents/jsonsfromhtmls/Accelerated Protection Adviser Guide/Accelerated Protection Adviser Guide_Other Medical Test Details.html,3c2a11fb05482cdc23e493749e29c6ad_117
/Users/aborse/Documents/Workarea/tallife/MVP/PDF documents/jsonsfromhtmls/Accelerated Protection Adviser Guide/Accelerated Protection Adviser Guide_Our fast and simple application process.html,3c2a11fb05482cdc23e493749e29c6ad_118
/Users/aborse/Documents/Workarea/tallife/MVP/PDF documents/jsonsfromhtmls/Accelerated Protection Adviser Guide/Accelerated Protection Adviser Guide_Our solutions-focused underwritingï¿½approach.html,3c2a11fb05482cdc23e493749e29c6ad_119
/Users/aborse/Documents/Workarea/tallife/MVP/PDF documents/jsonsfromhtmls/Accelerated Protection Adviser Guide/Accelerated Protection Adviser Guide_Overseas Travel.html,3c2a11fb05482cdc23e493749e29c6ad_120
/Users/aborse/Documents/Workarea/tallife/MVP/PDF documents/jsonsfromhtmls/Accelerated Protection Adviser Guide/Accelerated Protection Adviser Guide_Overview.html,3c2a11fb05482cdc23e493749e29c6ad_121
/Users/aborse/Documents/Workarea/tallife/MVP/PDF documents/jsonsfromhtmls/Accelerated Protection Adviser Guide/Accelerated Protection Adviser Guide_Paramedical Service Providers.html,3c2a11fb05482cdc23e493749e29c6ad_122
/Users/aborse/Documents/Workarea/tallife/MVP/PDF documents/jsonsfromhtmls/Accelerated Protection Adviser Guide/Accelerated Protection Adviser Guide_Personal Cover.html,3c2a11fb05482cdc23e493749e29c6ad_123
/Users/aborse/Documents/Workarea/tallife/MVP/PDF documents/jsonsfromhtmls/Accelerated Protection Adviser Guide/Accelerated Protection Adviser Guide_Policy Administration.html,3c2a11fb05482cdc23e493749e29c6ad_124
/Users/aborse/Documents/Workarea/tallife/MVP/PDF documents/jsonsfromhtmls/Accelerated Protection Adviser Guide/Accelerated Protection Adviser Guide_Policy Discounts continued.html,3c2a11fb05482cdc23e493749e29c6ad_125
/Users/aborse/Documents/Workarea/tallife/MVP/PDF documents/jsonsfromhtmls/Accelerated Protection Adviser Guide/Accelerated Protection Adviser Guide_Policy Discounts.html,3c2a11fb05482cdc23e493749e29c6ad_126
/Users/aborse/Documents/Workarea/tallife/MVP/PDF documents/jsonsfromhtmls/Accelerated Protection Adviser Guide/Accelerated Protection Adviser Guide_Pregnancy.html,3c2a11fb05482cdc23e493749e29c6ad_127
/Users/aborse/Documents/Workarea/tallife/MVP/PDF documents/jsonsfromhtmls/Accelerated Protection Adviser Guide/Accelerated Protection Adviser Guide_Premium Payment Options.html,3c2a11fb05482cdc23e493749e29c6ad_128
/Users/aborse/Documents/Workarea/tallife/MVP/PDF documents/jsonsfromhtmls/Accelerated Protection Adviser Guide/Accelerated Protection Adviser Guide_Proof of Income Endorsement.html,3c2a11fb05482cdc23e493749e29c6ad_129
/Users/aborse/Documents/Workarea/tallife/MVP/PDF documents/jsonsfromhtmls/Accelerated Protection Adviser Guide/Accelerated Protection Adviser Guide_Questionnaires_14.html,3c2a11fb05482cdc23e493749e29c6ad_130
/Users/aborse/Documents/Workarea/tallife/MVP/PDF documents/jsonsfromhtmls/Accelerated Protection Adviser Guide/Accelerated Protection Adviser Guide_Questionnaires.html,3c2a11fb05482cdc23e493749e29c6ad_131
/Users/aborse/Documents/Workarea/tallife/MVP/PDF documents/jsonsfromhtmls/Accelerated Protection Adviser Guide/Accelerated Protection Adviser Guide_Ready Reckoner_2.html,3c2a11fb05482cdc23e493749e29c6ad_132
/Users/aborse/Documents/Workarea/tallife/MVP/PDF documents/jsonsfromhtmls/Accelerated Protection Adviser Guide/Accelerated Protection Adviser Guide_Ready Reckoner.html,3c2a11fb05482cdc23e493749e29c6ad_133
/Users/aborse/Documents/Workarea/tallife/MVP/PDF documents/jsonsfromhtmls/Accelerated Protection Adviser Guide/Accelerated Protection Adviser Guide_Replacing Existing Business_11.html,3c2a11fb05482cdc23e493749e29c6ad_134
/Users/aborse/Documents/Workarea/tallife/MVP/PDF documents/jsonsfromhtmls/Accelerated Protection Adviser Guide/Accelerated Protection Adviser Guide_Replacing Existing Business.html,3c2a11fb05482cdc23e493749e29c6ad_135
/Users/aborse/Documents/Workarea/tallife/MVP/PDF documents/jsonsfromhtmls/Accelerated Protection Adviser Guide/Accelerated Protection Adviser Guide_Requirements for exercising the Guaranteed Future Insurability Benefit underï¿½Life Critical Illness and TPD insurance.html,3c2a11fb05482cdc23e493749e29c6ad_136
/Users/aborse/Documents/Workarea/tallife/MVP/PDF documents/jsonsfromhtmls/Accelerated Protection Adviser Guide/Accelerated Protection Adviser Guide_Residency and Travel.html,3c2a11fb05482cdc23e493749e29c6ad_137
/Users/aborse/Documents/Workarea/tallife/MVP/PDF documents/jsonsfromhtmls/Accelerated Protection Adviser Guide/Accelerated Protection Adviser Guide_Rollover Process to Platform Partners.html,3c2a11fb05482cdc23e493749e29c6ad_138
/Users/aborse/Documents/Workarea/tallife/MVP/PDF documents/jsonsfromhtmls/Accelerated Protection Adviser Guide/Accelerated Protection Adviser Guide_Rollover Rebate.html,3c2a11fb05482cdc23e493749e29c6ad_139
/Users/aborse/Documents/Workarea/tallife/MVP/PDF documents/jsonsfromhtmls/Accelerated Protection Adviser Guide/Accelerated Protection Adviser Guide_Seasonal Workers.html,3c2a11fb05482cdc23e493749e29c6ad_140
/Users/aborse/Documents/Workarea/tallife/MVP/PDF documents/jsonsfromhtmls/Accelerated Protection Adviser Guide/Accelerated Protection Adviser Guide_Second Occupation.html,3c2a11fb05482cdc23e493749e29c6ad_141
/Users/aborse/Documents/Workarea/tallife/MVP/PDF documents/jsonsfromhtmls/Accelerated Protection Adviser Guide/Accelerated Protection Adviser Guide_Self-employed.html,3c2a11fb05482cdc23e493749e29c6ad_142
/Users/aborse/Documents/Workarea/tallife/MVP/PDF documents/jsonsfromhtmls/Accelerated Protection Adviser Guide/Accelerated Protection Adviser Guide_Smoking.html,3c2a11fb05482cdc23e493749e29c6ad_143
/Users/aborse/Documents/Workarea/tallife/MVP/PDF documents/jsonsfromhtmls/Accelerated Protection Adviser Guide/Accelerated Protection Adviser Guide_Specialist Medical Examination.html,3c2a11fb05482cdc23e493749e29c6ad_144
/Users/aborse/Documents/Workarea/tallife/MVP/PDF documents/jsonsfromhtmls/Accelerated Protection Adviser Guide/Accelerated Protection Adviser Guide_Sports Pastimes Hazardous Activities.html,3c2a11fb05482cdc23e493749e29c6ad_145
/Users/aborse/Documents/Workarea/tallife/MVP/PDF documents/jsonsfromhtmls/Accelerated Protection Adviser Guide/Accelerated Protection Adviser Guide_Stamp Duty_15.html,3c2a11fb05482cdc23e493749e29c6ad_146
/Users/aborse/Documents/Workarea/tallife/MVP/PDF documents/jsonsfromhtmls/Accelerated Protection Adviser Guide/Accelerated Protection Adviser Guide_Stamp Duty.html,3c2a11fb05482cdc23e493749e29c6ad_147
/Users/aborse/Documents/Workarea/tallife/MVP/PDF documents/jsonsfromhtmls/Accelerated Protection Adviser Guide/Accelerated Protection Adviser Guide_Straight-Through Processing.html,3c2a11fb05482cdc23e493749e29c6ad_148
/Users/aborse/Documents/Workarea/tallife/MVP/PDF documents/jsonsfromhtmls/Accelerated Protection Adviser Guide/Accelerated Protection Adviser Guide_Students - full-time  part-time.html,3c2a11fb05482cdc23e493749e29c6ad_149
/Users/aborse/Documents/Workarea/tallife/MVP/PDF documents/jsonsfromhtmls/Accelerated Protection Adviser Guide/Accelerated Protection Adviser Guide_The TAL Underwriting team.html,3c2a11fb05482cdc23e493749e29c6ad_150
/Users/aborse/Documents/Workarea/tallife/MVP/PDF documents/jsonsfromhtmls/Accelerated Protection Adviser Guide/Accelerated Protection Adviser Guide_Third Party Ownership of Incomeï¿½Protection excluding superannuation.html,3c2a11fb05482cdc23e493749e29c6ad_151
/Users/aborse/Documents/Workarea/tallife/MVP/PDF documents/jsonsfromhtmls/Accelerated Protection Adviser Guide/Accelerated Protection Adviser Guide_TPD insurance TPD.html,3c2a11fb05482cdc23e493749e29c6ad_152
/Users/aborse/Documents/Workarea/tallife/MVP/PDF documents/jsonsfromhtmls/Accelerated Protection Adviser Guide/Accelerated Protection Adviser Guide_Transfer of Ownership Process.html,3c2a11fb05482cdc23e493749e29c6ad_153
/Users/aborse/Documents/Workarea/tallife/MVP/PDF documents/jsonsfromhtmls/Accelerated Protection Adviser Guide/Accelerated Protection Adviser Guide_Transfer Terms_13.html,3c2a11fb05482cdc23e493749e29c6ad_154
/Users/aborse/Documents/Workarea/tallife/MVP/PDF documents/jsonsfromhtmls/Accelerated Protection Adviser Guide/Accelerated Protection Adviser Guide_Transfer Terms.html,3c2a11fb05482cdc23e493749e29c6ad_155
/Users/aborse/Documents/Workarea/tallife/MVP/PDF documents/jsonsfromhtmls/Accelerated Protection Adviser Guide/Accelerated Protection Adviser Guide_Underwriting Philosophy continued.html,3c2a11fb05482cdc23e493749e29c6ad_156
/Users/aborse/Documents/Workarea/tallife/MVP/PDF documents/jsonsfromhtmls/Accelerated Protection Adviser Guide/Accelerated Protection Adviser Guide_Underwriting Philosophy.html,3c2a11fb05482cdc23e493749e29c6ad_157
/Users/aborse/Documents/Workarea/tallife/MVP/PDF documents/jsonsfromhtmls/Accelerated Protection Adviser Guide/Accelerated Protection Adviser Guide_Unemployed.html,3c2a11fb05482cdc23e493749e29c6ad_158
/Users/aborse/Documents/Workarea/tallife/MVP/PDF documents/jsonsfromhtmls/Accelerated Protection Adviser Guide/Accelerated Protection Adviser Guide_What happens if my clients premium is dishonoured.html,3c2a11fb05482cdc23e493749e29c6ad_159
/Users/aborse/Documents/Workarea/tallife/MVP/PDF documents/jsonsfromhtmls/Accelerated Protection Adviser Guide/Accelerated Protection Adviser Guide_Where should I direct questions in relation to Platform business.html,3c2a11fb05482cdc23e493749e29c6ad_160
/Users/aborse/Documents/Workarea/tallife/MVP/PDF documents/jsonsfromhtmls/Accelerated Protection Adviser Guide/Accelerated Protection Adviser Guide_Working from Home.html,3c2a11fb05482cdc23e493749e29c6ad_161
/Users/aborse/Documents/Workarea/tallife/MVP/PDF documents/jsonsfromhtmls/Accelerated Protection Adviser Guide/Accelerated Protection Adviser Guide_Working in Remote Areas.html,3c2a11fb05482cdc23e493749e29c6ad_162
